id,data,especie,raca,sexo,idade_anos,hemoglobina,hematocrito,leucocitos,plaquetas,glicose,ureia,creatinina,alt,ast,fosfatase_alcalina,proteinas_totais,albumina,colesterol,triglicerideos,febre,apatia,perda_peso,vomito,diarreia,tosse,letargia,feridas_cutaneas,poliuria,polidipsia,diagnostico
VET0001,2025-01-02,Canina,SRD,M,7.96,4.35,13.41,14.97,396.05,90.31,108.3,3.96,64.77,29.26,239.9,6.25,3.21,146.43,40.15,0,1,0,0,0,0,1,0,1,0,Doença Renal Crônica
VET0002,2025-06-28,Canina,Golden Retriever,M,14.12,14.28,44.95,10.18,461.14,94.87,28.65,1.23,302.32,140.19,312.79,3.67,0.82,168.51,53.26,0,1,1,0,1,0,1,0,0,0,Hepatopatia
VET0003,2025-09-10,Felina,SRD,M,5.3,13.33,38.27,12.01,463.87,74.52,38.52,1.23,67.2,34.12,7.98,7.49,3.04,122.66,76.26,0,1,1,1,1,0,0,0,1,0,Pancreatite
VET0004,2024-05-11,Canina,Pastor Alemão,M,2.06,14.0,42.77,12.84,411.03,94.46,39.52,1.11,46.29,34.4,114.99,6.44,3.46,144.99,101.03,0,0,0,0,0,0,0,0,0,0,Saudável
VET0005,2025-02-27,Canina,Beagle,F,13.44,13.72,48.81,12.99,350.86,90.99,28.27,0.92,65.04,31.39,76.68,6.61,3.38,205.4,91.13,0,0,0,0,0,0,0,0,0,0,Saudável
VET0006,2025-10-04,Felina,Sphynx,M,4.63,13.15,36.84,6.92,520.73,435.56,43.22,1.35,39.61,25.59,49.76,7.19,3.25,291.8,194.8,0,1,1,1,0,0,1,0,1,1,Diabetes Mellitus
VET0007,2024-12-30,Felina,Siamês,M,12.61,10.18,37.64,17.67,488.46,113.62,44.84,1.19,57.0,34.51,53.31,6.91,3.49,121.87,69.1,0,0,0,0,0,0,0,0,0,0,Saudável
VET0008,2025-06-28,Canina,Bulldog,M,4.01,6.85,11.35,16.32,256.96,95.69,91.02,3.35,35.88,35.82,239.32,6.06,3.55,178.07,76.63,0,1,1,0,0,0,1,0,1,1,Doença Renal Crônica
VET0009,2024-10-08,Felina,SRD,F,5.22,10.7,40.18,15.23,447.97,117.41,50.48,1.44,53.9,31.05,32.22,7.64,3.48,157.12,51.76,0,0,0,0,0,0,0,0,0,0,Saudável
VET0010,2025-08-27,Felina,Sphynx,F,10.98,5.04,19.19,14.23,613.81,107.06,41.61,1.24,36.43,29.54,48.58,7.35,3.37,145.21,78.85,0,1,0,0,0,0,0,0,0,0,Anemia
VET0011,2025-07-22,Canina,Beagle,F,9.42,15.04,45.63,11.3,383.32,91.61,38.5,1.22,50.38,27.64,75.0,6.67,3.17,213.23,119.38,0,0,0,0,0,0,0,0,0,0,Saudável
VET0012,2025-03-28,Felina,Bengal,M,4.65,12.1,32.36,14.0,567.29,135.99,54.48,0.9,25.31,36.18,55.79,7.64,4.82,163.84,88.05,1,1,1,0,0,0,1,0,0,0,Gastroenterite
VET0013,2024-12-18,Canina,Pastor Alemão,M,14.46,15.15,47.98,8.7,493.34,113.43,43.18,1.23,301.53,125.93,361.7,1.89,1.11,287.38,85.39,0,1,0,1,0,0,0,0,0,0,Hepatopatia
VET0014,2024-09-16,Canina,Labrador,F,7.37,15.8,41.83,16.98,319.92,90.23,37.86,0.52,80.53,45.8,99.71,7.49,2.63,277.44,56.5,1,0,0,0,0,1,1,0,0,0,Cinomose
VET0015,2024-10-02,Felina,Ragdoll,M,6.13,10.85,33.01,9.77,592.58,125.88,44.42,1.32,45.61,44.09,49.25,7.59,3.16,146.0,69.78,0,0,0,0,0,0,0,0,0,0,Saudável
VET0016,2025-03-10,Felina,Siamês,F,12.2,11.42,38.12,14.98,462.84,100.04,42.87,1.63,258.33,138.64,197.66,4.11,1.14,150.55,84.29,1,1,1,0,0,0,1,0,0,0,Hepatopatia
VET0017,2024-04-12,Canina,Golden Retriever,M,5.27,11.78,39.41,9.29,454.57,118.29,31.04,0.92,62.06,32.63,121.31,6.12,3.52,189.95,118.31,0,1,0,0,1,1,1,0,0,0,Gastroenterite
VET0018,2024-09-17,Canina,Yorkshire,F,5.93,7.21,22.82,10.35,349.6,79.32,42.97,1.0,65.85,35.72,111.48,6.31,3.19,211.74,102.01,0,0,0,0,0,0,1,0,0,0,Anemia
VET0019,2025-08-14,Canina,Bulldog,M,1.13,7.22,16.67,7.02,444.2,91.98,113.68,3.85,54.92,27.72,268.95,6.43,3.48,221.58,97.81,0,1,0,1,0,0,1,0,0,1,Doença Renal Crônica
VET0020,2024-08-26,Canina,Bulldog,F,4.99,15.16,47.21,11.54,358.79,83.4,35.22,1.21,94.18,42.57,168.97,5.97,3.49,207.7,170.4,0,0,0,0,0,0,1,1,0,0,Pancreatite
VET0021,2024-03-09,Canina,Pastor Alemão,F,8.55,8.08,23.92,15.53,420.77,90.31,19.16,0.69,24.16,41.98,82.02,12.32,0.91,234.66,43.54,0,1,1,0,0,0,1,1,0,0,Leishmaniose
VET0022,2024-08-31,Canina,Yorkshire,F,13.21,4.22,25.22,7.98,267.88,100.35,31.24,0.79,74.09,43.29,63.47,13.29,1.6,191.49,91.3,1,1,1,0,0,0,1,1,0,0,Leishmaniose
VET0023,2025-05-21,Canina,Poodle,M,7.64,6.58,21.52,16.0,323.98,91.58,90.72,3.31,23.84,42.61,251.64,6.82,3.11,205.6,28.56,0,1,1,1,1,0,1,0,0,1,Doença Renal Crônica
VET0024,2024-02-20,Felina,Ragdoll,F,1.09,12.35,37.43,8.16,494.65,94.35,48.01,1.47,35.13,26.92,33.88,7.23,3.4,128.74,68.17,0,0,0,0,0,0,0,0,0,0,Saudável
VET0025,2025-02-28,Felina,Siamês,M,5.87,11.27,36.24,9.49,488.51,110.69,34.73,1.38,45.44,33.09,57.65,7.57,3.07,132.85,69.02,0,0,0,0,0,0,0,0,0,0,Saudável
VET0026,2025-08-23,Felina,SRD,M,11.94,12.03,39.68,10.46,504.77,421.37,51.86,0.96,62.88,18.14,36.49,6.91,3.16,306.25,168.45,0,0,0,0,0,0,0,1,1,1,Diabetes Mellitus
VET0027,2023-11-14,Canina,Golden Retriever,F,3.01,16.42,44.95,10.4,412.81,305.22,29.11,0.73,53.71,27.87,103.36,6.46,3.17,430.22,265.28,0,0,0,0,0,0,0,0,1,1,Diabetes Mellitus
VET0028,2024-09-15,Canina,Beagle,F,2.74,15.09,41.51,12.39,345.48,91.42,26.83,0.86,75.4,37.76,46.88,6.51,3.44,129.88,106.19,1,0,0,0,0,0,0,0,0,0,Pancreatite
VET0029,2025-09-29,Felina,Bengal,M,10.15,13.0,39.24,10.98,646.03,414.94,37.03,1.21,32.36,39.12,46.78,7.28,3.3,293.66,152.59,0,1,0,1,0,0,0,0,1,1,Diabetes Mellitus
VET0030,2023-12-24,Felina,Sphynx,F,2.52,13.17,35.98,7.82,563.1,401.91,41.2,1.12,78.18,27.0,45.17,7.16,3.37,299.24,193.86,0,1,1,0,0,0,0,1,1,1,Diabetes Mellitus
VET0031,2024-07-22,Canina,Poodle,M,2.67,4.33,15.71,13.33,298.63,95.72,37.98,1.13,46.4,35.85,93.68,12.08,1.28,229.05,71.74,0,1,0,0,0,0,0,1,0,0,Leishmaniose
VET0032,2025-01-14,Felina,SRD,M,0.76,12.87,39.69,15.41,560.52,90.41,46.26,1.21,39.61,31.02,53.77,6.92,2.71,147.98,92.24,0,0,0,0,0,0,0,0,0,0,Saudável
VET0033,2023-12-26,Canina,Poodle,M,5.52,15.2,49.92,13.09,370.15,83.14,39.24,1.67,91.33,49.23,65.06,5.83,3.1,202.34,127.67,0,0,0,0,1,0,0,0,0,1,Cinomose
VET0034,2025-04-28,Canina,Bulldog,M,3.47,5.77,13.18,11.49,270.85,103.04,101.31,3.79,52.17,40.06,211.85,5.68,2.89,214.47,64.22,0,1,1,1,0,0,1,0,1,1,Doença Renal Crônica
VET0035,2025-09-21,Felina,Maine Coon,M,6.43,11.85,37.43,11.36,457.23,111.28,43.85,1.67,17.16,36.55,58.08,6.47,3.13,138.87,46.67,0,0,0,0,0,0,0,0,0,0,Saudável
VET0036,2024-11-30,Felina,Sphynx,M,12.54,11.3,38.59,10.88,494.65,110.36,41.83,1.27,46.04,29.22,50.26,6.86,3.13,141.22,71.66,0,0,0,0,0,0,0,0,0,0,Saudável
VET0037,2024-03-09,Canina,Pastor Alemão,M,13.09,7.9,11.29,9.43,249.81,112.65,95.12,3.73,32.65,26.79,216.99,7.0,2.69,221.18,48.26,0,1,1,1,0,0,1,0,1,0,Doença Renal Crônica
VET0038,2025-08-01,Canina,Yorkshire,M,3.04,14.44,44.87,9.37,354.54,353.67,27.67,1.14,113.19,39.56,124.11,6.68,3.06,408.4,284.99,0,0,0,1,0,0,1,0,1,1,Diabetes Mellitus
VET0039,2024-03-27,Canina,Yorkshire,M,7.7,15.95,36.06,7.28,293.77,95.39,39.66,0.81,60.04,24.57,61.15,5.56,2.79,143.23,46.94,0,0,1,1,1,0,0,0,0,0,Pancreatite
VET0040,2024-01-28,Felina,Bengal,F,6.97,14.37,37.36,8.14,467.97,118.0,48.2,1.14,253.37,144.27,164.26,3.55,0.83,191.36,76.44,0,1,0,1,0,0,1,0,0,0,Hepatopatia
VET0041,2023-10-11,Canina,Pastor Alemão,F,14.19,15.96,46.32,12.85,377.84,104.65,39.78,0.98,63.54,24.49,83.87,6.71,3.18,209.38,80.84,0,0,0,0,0,0,0,0,0,0,Saudável
VET0042,2023-12-15,Felina,Ragdoll,F,14.12,11.06,40.38,11.95,508.1,439.65,46.86,1.05,15.49,36.01,38.17,7.64,3.38,291.91,192.23,0,1,0,0,0,0,1,0,1,1,Diabetes Mellitus
VET0043,2024-07-05,Felina,Bengal,M,6.7,4.43,16.53,16.45,464.36,133.25,38.79,1.54,67.11,25.82,39.12,15.29,1.1,138.8,42.33,0,0,0,0,0,0,0,1,0,0,Leishmaniose
VET0044,2025-08-06,Canina,Pastor Alemão,F,5.58,7.37,12.42,9.48,409.06,92.86,95.46,3.74,54.11,37.22,266.25,5.98,3.25,204.66,97.8,0,1,1,0,0,0,0,0,0,1,Doença Renal Crônica
VET0045,2024-02-16,Canina,Pastor Alemão,M,13.39,14.66,42.83,12.81,397.18,97.58,33.31,0.93,45.5,44.88,103.29,6.19,3.18,192.39,96.38,0,0,0,0,0,0,0,0,0,0,Saudável
VET0046,2023-10-17,Canina,Labrador,M,12.83,15.51,47.81,13.67,530.92,92.35,27.82,0.59,35.26,32.15,154.99,6.12,3.24,199.31,131.35,0,1,1,0,1,0,0,1,0,0,Dermatite
VET0047,2025-09-08,Canina,Labrador,F,11.53,16.48,48.74,15.02,455.24,115.73,40.84,0.99,58.96,45.17,53.14,6.68,3.0,201.21,134.86,0,0,1,1,1,0,1,0,0,0,Cinomose
VET0048,2024-12-29,Canina,Pastor Alemão,F,4.47,14.83,44.91,10.9,357.86,357.78,26.86,1.21,59.74,36.79,75.64,6.49,3.22,436.4,250.64,0,0,0,0,0,0,1,1,1,1,Diabetes Mellitus
VET0049,2024-03-05,Canina,Golden Retriever,F,13.03,14.05,38.18,4.24,389.6,87.47,25.81,1.28,61.58,26.58,35.07,7.0,3.4,195.83,157.02,0,0,1,0,1,0,0,0,0,0,Gastroenterite
VET0050,2024-08-20,Canina,Yorkshire,M,4.4,15.65,47.24,12.5,307.5,358.09,36.45,1.26,26.11,39.93,94.58,6.13,3.14,468.26,238.91,0,0,1,0,0,0,0,0,0,1,Diabetes Mellitus
VET0051,2023-12-06,Canina,Labrador,F,5.58,6.48,15.42,13.23,375.53,85.33,5.91,0.85,54.14,32.47,54.88,10.91,1.21,242.1,107.81,1,0,1,0,0,0,1,0,0,0,Leishmaniose
VET0052,2024-08-16,Felina,Maine Coon,F,5.42,11.84,35.85,12.91,436.24,121.87,47.8,1.31,40.33,31.65,36.62,7.93,3.28,151.49,70.17,0,0,0,0,0,0,0,0,0,0,Saudável
VET0053,2025-08-09,Canina,Labrador,F,14.95,5.77,20.62,15.32,361.87,88.49,37.37,1.63,46.29,30.26,96.03,10.05,1.64,214.64,70.08,1,1,1,0,0,0,1,1,0,0,Leishmaniose
VET0054,2025-06-21,Felina,Sphynx,M,2.41,9.97,40.04,10.39,525.39,136.19,44.0,1.74,63.34,7.63,26.07,6.08,4.04,141.52,102.57,1,1,0,0,0,1,0,0,0,0,Dermatite
VET0055,2024-04-09,Canina,Pastor Alemão,F,11.72,7.96,13.76,12.03,336.88,82.62,34.77,1.02,69.34,20.77,89.59,6.09,3.21,207.86,83.31,0,0,1,0,0,0,1,0,0,0,Anemia
VET0056,2025-04-06,Canina,Beagle,F,12.18,14.96,47.29,11.63,292.27,102.47,32.78,0.79,49.22,40.38,101.58,6.34,3.08,193.25,125.5,0,0,0,0,0,0,0,0,0,0,Saudável
VET0057,2025-07-25,Felina,Persa,F,3.43,12.06,39.7,12.27,506.29,78.03,50.5,1.48,274.73,130.15,164.48,1.94,1.02,177.02,77.47,0,1,0,0,0,0,1,0,0,0,Hepatopatia
VET0058,2023-12-13,Canina,SRD,M,10.31,8.26,12.49,6.72,321.93,109.36,34.14,1.09,66.75,35.1,87.93,6.56,3.62,198.79,88.92,0,0,1,0,0,0,1,0,0,0,Anemia
VET0059,2025-04-23,Canina,Pastor Alemão,F,12.07,15.95,43.06,14.19,315.28,97.22,39.52,1.01,59.6,40.03,96.01,6.56,2.82,180.39,105.41,0,0,0,0,0,0,0,0,0,0,Saudável
VET0060,2025-03-06,Felina,Maine Coon,F,8.03,2.72,12.9,14.1,397.76,83.7,111.61,4.82,32.61,42.42,125.78,6.47,3.12,116.55,53.49,0,0,1,1,0,0,1,0,1,1,Doença Renal Crônica
VET0061,2024-09-17,Canina,Golden Retriever,M,10.88,17.1,47.96,12.62,375.9,301.54,33.86,1.11,94.03,13.35,81.32,6.62,3.14,402.33,250.59,0,0,0,0,0,0,1,0,1,1,Diabetes Mellitus
VET0062,2024-07-02,Felina,Siamês,F,9.68,11.14,35.29,12.03,533.0,98.38,45.47,1.16,38.69,31.92,28.27,7.42,3.2,154.12,65.02,0,0,0,0,0,0,0,0,0,0,Saudável
VET0063,2024-03-20,Felina,Ragdoll,F,1.89,14.46,42.93,14.11,465.93,119.63,49.5,0.93,69.14,26.39,39.22,7.81,3.51,121.87,80.57,0,1,0,1,0,0,0,1,1,0,Dermatite
VET0064,2024-12-11,Canina,Pastor Alemão,M,2.36,14.5,49.31,14.18,280.84,97.01,41.57,0.77,59.24,32.49,93.08,6.21,2.87,159.82,104.04,0,0,0,0,0,0,0,0,0,0,Saudável
VET0065,2024-11-23,Canina,SRD,M,5.2,15.99,47.54,14.19,332.94,93.47,32.38,0.88,46.23,26.07,85.66,6.21,3.2,167.33,91.45,0,0,0,0,0,0,0,0,0,0,Saudável
VET0066,2024-05-14,Canina,Yorkshire,M,3.9,6.28,21.91,13.33,307.7,94.44,114.85,3.74,65.05,33.03,244.64,6.68,2.91,204.74,48.24,0,0,1,1,0,0,1,0,1,1,Doença Renal Crônica
VET0067,2025-04-03,Canina,Labrador,M,7.98,6.19,23.56,16.6,373.6,96.92,114.81,3.32,49.44,33.43,264.53,6.39,3.33,226.79,64.56,0,0,1,1,0,0,1,0,1,1,Doença Renal Crônica
VET0068,2024-08-23,Canina,Pastor Alemão,M,7.79,12.6,47.36,11.49,315.36,101.96,31.05,1.43,70.35,38.8,65.22,6.3,2.69,185.17,44.57,1,1,1,0,1,1,0,0,0,0,Pancreatite
VET0069,2024-01-15,Canina,SRD,M,7.17,3.72,13.1,14.39,353.4,100.3,99.19,3.32,53.73,35.91,200.11,6.48,2.64,173.7,81.25,0,1,0,1,0,0,0,0,0,1,Doença Renal Crônica
VET0070,2024-02-21,Felina,Ragdoll,F,7.02,11.49,36.58,11.73,457.59,113.63,42.17,1.4,37.35,20.79,54.58,7.44,3.68,127.77,60.15,0,0,0,0,0,0,0,0,0,0,Saudável
VET0071,2023-11-25,Felina,Persa,F,12.74,10.95,33.45,13.64,545.55,103.08,33.34,1.3,49.11,21.13,46.93,7.24,3.32,146.97,51.55,0,0,0,0,0,0,0,0,0,0,Saudável
VET0072,2024-08-31,Canina,Poodle,M,1.06,13.93,45.89,13.43,311.17,77.73,33.0,0.91,24.27,34.0,89.04,6.81,2.93,166.42,77.07,0,0,0,0,0,0,0,0,0,0,Saudável
VET0073,2024-11-21,Felina,Maine Coon,M,3.02,15.88,34.77,15.62,535.92,141.24,59.05,1.41,29.18,35.52,30.77,8.76,3.26,132.94,66.66,0,0,1,1,0,0,0,1,0,0,Pancreatite
VET0074,2024-01-13,Canina,Yorkshire,M,9.23,16.07,47.94,13.14,315.94,84.34,41.76,1.0,51.61,39.47,95.85,6.59,3.57,186.49,103.09,0,0,0,0,0,0,0,0,0,0,Saudável
VET0075,2024-05-10,Canina,Pastor Alemão,F,12.71,12.64,53.4,9.07,336.72,92.23,36.84,1.23,337.4,145.29,349.24,2.35,0.88,141.49,107.37,1,1,1,0,1,0,1,0,0,0,Hepatopatia
VET0076,2025-08-01,Canina,Bulldog,M,13.16,7.33,20.81,10.54,358.15,85.27,36.8,0.94,47.86,35.58,109.15,6.46,3.21,235.75,89.69,0,0,1,0,0,0,1,0,0,0,Anemia
VET0077,2025-05-02,Felina,Siamês,F,11.31,11.75,34.95,10.87,547.09,136.72,47.37,1.11,270.44,129.0,178.46,2.39,0.76,259.47,69.17,0,1,1,0,1,0,0,0,0,0,Hepatopatia
VET0078,2023-12-11,Felina,Bengal,M,1.85,11.89,38.44,10.64,473.75,118.67,43.32,1.71,40.8,31.35,54.79,6.72,2.83,119.83,76.7,0,0,0,0,0,0,0,0,0,0,Saudável
VET0079,2025-06-26,Felina,Ragdoll,M,5.26,13.45,40.57,14.16,562.27,101.18,40.09,1.4,259.24,141.06,162.59,3.15,1.33,235.71,59.95,1,1,1,1,0,0,0,0,0,0,Hepatopatia
VET0080,2025-06-23,Felina,SRD,M,0.85,5.35,20.98,11.23,515.19,119.23,114.62,4.09,71.07,21.39,127.93,7.08,3.27,170.24,57.94,0,1,1,1,0,0,1,0,1,0,Doença Renal Crônica
VET0081,2024-01-30,Felina,Siamês,M,4.29,12.25,29.54,13.86,482.29,98.82,30.65,1.58,33.81,15.96,-15.32,7.23,3.94,199.82,52.22,1,0,1,0,1,0,1,0,0,0,Cinomose
VET0082,2023-11-07,Felina,Persa,F,1.26,11.8,38.33,14.42,451.81,127.91,43.78,1.4,37.15,15.45,54.28,7.53,3.14,146.11,68.3,0,0,0,0,0,0,0,0,0,0,Saudável
VET0083,2025-08-19,Felina,Siamês,M,1.69,3.62,16.85,13.32,391.47,117.46,129.92,4.26,44.5,17.08,143.25,7.83,2.99,127.17,65.51,0,1,0,1,1,0,0,0,1,1,Doença Renal Crônica
VET0084,2024-12-31,Felina,Sphynx,M,8.03,12.81,32.18,10.38,537.15,411.35,54.26,1.4,69.12,35.24,37.36,7.18,3.49,354.57,158.29,0,0,1,0,0,0,0,0,1,1,Diabetes Mellitus
VET0085,2025-05-30,Canina,Bulldog,F,3.45,14.68,47.38,12.02,348.56,94.54,31.69,1.06,66.9,27.39,84.89,6.78,3.25,227.5,73.92,0,0,0,0,0,0,0,0,0,0,Saudável
VET0086,2024-03-25,Canina,Yorkshire,F,6.88,15.69,45.48,9.49,355.3,317.23,39.42,1.16,87.08,38.14,101.26,6.32,3.1,428.98,284.46,0,1,0,0,0,0,0,1,1,1,Diabetes Mellitus
VET0087,2025-07-25,Canina,Labrador,M,12.94,15.32,45.84,14.03,435.94,83.11,33.47,1.06,304.17,147.06,360.27,3.71,1.26,227.07,78.06,0,1,1,0,1,0,0,0,0,0,Hepatopatia
VET0088,2024-02-22,Canina,Bulldog,M,5.61,7.54,17.9,11.3,215.6,90.02,11.54,0.92,72.87,36.32,63.16,11.78,1.46,184.17,74.32,0,1,1,0,0,0,1,1,0,0,Leishmaniose
VET0089,2025-08-29,Felina,Persa,F,11.93,12.73,37.39,8.7,538.92,81.7,55.69,1.23,49.22,33.4,39.56,7.69,3.0,173.75,32.22,1,1,0,0,0,0,1,1,1,0,Cinomose
VET0090,2025-08-31,Felina,Sphynx,F,14.46,9.27,37.92,15.58,520.23,108.98,43.87,1.17,250.41,147.68,186.83,2.07,1.31,69.99,59.17,1,0,1,1,1,0,0,0,0,0,Hepatopatia
VET0091,2023-11-28,Canina,Pastor Alemão,M,10.18,5.06,23.38,12.2,379.67,92.1,36.53,0.94,42.71,32.98,48.24,6.36,2.84,216.36,105.48,0,0,1,0,0,0,1,0,0,0,Anemia
VET0092,2024-03-16,Felina,Sphynx,F,6.8,12.1,36.1,10.45,502.89,115.56,51.98,1.46,275.69,129.63,163.16,3.71,0.99,106.99,72.13,1,1,1,1,0,0,1,0,0,0,Hepatopatia
VET0093,2025-04-27,Canina,Pastor Alemão,M,4.19,6.63,19.86,9.27,396.97,85.35,21.64,1.98,55.54,30.7,22.53,12.01,1.64,211.88,88.73,1,1,1,0,0,0,1,0,0,0,Leishmaniose
VET0094,2025-04-10,Felina,SRD,F,2.15,3.7,20.66,11.88,334.57,117.23,109.37,4.47,27.64,22.85,109.6,6.92,3.14,145.15,78.77,0,1,1,0,1,0,1,0,0,1,Doença Renal Crônica
VET0095,2023-11-25,Felina,Sphynx,M,4.24,5.23,20.91,10.88,468.07,99.55,134.23,4.51,25.71,15.14,123.74,7.67,3.15,161.98,85.47,0,1,1,1,1,0,0,0,1,0,Doença Renal Crônica
VET0096,2023-10-23,Felina,Persa,M,5.75,13.45,39.52,11.94,446.53,84.18,41.76,1.36,34.63,29.21,45.81,7.17,3.06,147.78,67.47,0,0,0,0,0,0,0,0,0,0,Saudável
VET0097,2025-09-01,Felina,Sphynx,F,10.54,12.43,34.07,12.8,497.34,106.67,44.23,0.95,240.41,140.9,196.53,3.9,1.36,118.05,54.27,0,1,0,1,1,0,1,0,0,0,Hepatopatia
VET0098,2024-06-26,Canina,Pastor Alemão,F,2.74,7.39,17.71,11.7,381.68,99.89,96.88,3.74,22.25,27.65,217.97,5.68,3.45,244.4,105.27,0,1,1,0,0,0,0,0,1,1,Doença Renal Crônica
VET0099,2025-02-19,Felina,Sphynx,M,0.9,13.18,40.64,11.32,487.45,89.8,41.37,1.57,61.96,22.59,38.78,7.24,3.26,131.64,67.27,0,0,0,0,0,0,0,0,0,0,Saudável
VET0100,2024-08-28,Canina,Pastor Alemão,F,12.59,14.77,50.32,12.43,336.7,357.84,38.14,0.99,52.61,28.61,107.88,6.57,3.13,356.26,253.82,0,0,1,0,0,0,0,0,1,1,Diabetes Mellitus
VET0101,2025-07-31,Felina,Sphynx,F,1.07,2.91,13.11,13.75,341.66,121.97,115.78,4.3,29.98,31.91,111.78,8.29,2.94,89.33,58.21,0,1,1,1,0,0,1,0,1,1,Doença Renal Crônica
VET0102,2024-05-07,Felina,Ragdoll,F,6.1,12.98,37.72,13.15,476.5,415.73,46.21,1.34,50.33,35.61,51.53,7.11,3.28,356.4,161.39,0,0,1,0,0,0,0,0,1,1,Diabetes Mellitus
VET0103,2025-06-14,Felina,SRD,F,13.93,12.26,38.67,13.85,533.34,411.92,45.4,1.36,44.39,29.34,43.41,7.18,3.44,346.56,178.86,0,1,1,0,0,0,1,0,1,1,Diabetes Mellitus
VET0104,2025-09-01,Canina,Poodle,M,11.42,16.76,45.35,13.07,399.55,91.93,31.64,1.24,47.82,27.8,71.66,6.28,3.32,210.82,98.96,0,0,0,0,0,0,0,0,0,0,Saudável
VET0105,2024-11-23,Felina,Siamês,F,1.56,3.02,14.85,12.04,440.41,99.2,57.84,1.57,42.98,23.66,40.69,13.85,1.52,103.34,65.7,0,1,1,0,0,0,1,0,0,0,Leishmaniose
VET0106,2024-02-28,Canina,Beagle,M,10.4,7.46,24.85,13.32,338.37,92.35,95.81,3.44,18.93,36.95,216.08,5.93,3.17,207.77,120.38,0,0,1,1,0,0,1,0,1,0,Doença Renal Crônica
VET0107,2023-10-16,Felina,SRD,F,10.75,10.82,39.4,13.67,514.19,126.44,39.8,1.41,37.24,35.34,25.75,7.24,3.27,129.37,55.46,0,0,0,0,0,0,0,0,0,0,Saudável
VET0108,2024-10-03,Canina,Pastor Alemão,F,10.46,15.01,48.23,10.07,320.38,92.72,28.94,0.91,48.57,37.09,90.12,6.51,3.32,197.12,92.61,0,0,0,0,0,0,0,0,0,0,Saudável
VET0109,2024-01-11,Canina,Bulldog,F,1.26,16.11,46.24,11.83,322.21,323.26,33.58,1.15,52.21,42.64,108.48,6.41,3.06,446.02,272.45,0,1,1,0,0,0,1,0,1,1,Diabetes Mellitus
VET0110,2024-05-09,Canina,Poodle,F,13.41,6.76,18.09,10.9,371.91,104.71,40.79,0.88,83.84,27.31,74.13,11.31,1.57,235.69,106.06,0,1,1,0,0,0,1,0,0,0,Leishmaniose
VET0111,2024-08-24,Felina,Siamês,F,8.03,11.51,37.13,12.59,439.87,118.89,42.69,1.36,34.56,14.63,42.99,8.15,3.36,144.68,59.54,0,0,0,0,0,0,0,0,0,0,Saudável
VET0112,2024-08-06,Canina,Pastor Alemão,F,1.45,5.1,22.56,11.7,419.64,93.22,35.87,1.21,44.98,21.15,89.98,6.76,2.89,214.07,98.2,0,1,0,0,0,0,1,0,0,0,Anemia
VET0113,2024-08-21,Canina,Poodle,M,9.72,14.91,41.56,11.21,424.77,95.16,36.04,0.84,46.68,30.53,78.8,6.85,3.26,176.66,89.81,0,0,0,0,0,0,0,0,0,0,Saudável
VET0114,2025-03-09,Felina,Siamês,F,2.9,6.0,12.49,15.26,493.92,104.88,115.8,4.67,47.12,23.32,117.81,8.29,2.75,149.06,92.85,0,0,0,1,0,0,1,0,1,0,Doença Renal Crônica
VET0115,2024-07-15,Felina,Maine Coon,F,14.67,6.23,18.52,12.52,465.66,119.42,109.5,4.21,22.63,33.7,137.75,8.26,2.82,149.17,52.57,0,1,0,1,1,0,1,0,1,1,Doença Renal Crônica
VET0116,2025-04-20,Canina,Yorkshire,M,6.72,6.67,20.97,12.01,277.81,94.94,44.97,0.63,83.12,36.83,79.61,10.36,1.23,217.6,52.0,0,1,1,0,0,0,1,0,0,0,Leishmaniose
VET0117,2023-12-01,Felina,Bengal,F,5.7,13.89,36.94,11.75,461.15,118.93,44.18,1.28,58.87,38.52,38.7,6.55,3.41,133.7,71.39,0,0,0,0,0,0,0,0,0,0,Saudável
VET0118,2023-11-22,Canina,Pastor Alemão,F,7.71,15.82,46.38,12.79,468.59,79.36,44.7,1.07,312.02,129.79,368.87,2.71,0.85,177.21,61.63,1,1,1,1,1,0,1,0,0,0,Hepatopatia
VET0119,2025-05-13,Canina,Pastor Alemão,M,1.04,13.8,42.62,12.1,389.91,91.84,23.28,1.08,60.9,34.62,109.1,6.11,3.28,225.04,50.32,0,0,0,0,0,0,0,0,0,0,Saudável
VET0120,2024-06-11,Canina,Pastor Alemão,M,5.88,15.29,47.86,7.28,317.08,87.33,30.37,0.93,71.43,36.81,80.09,6.81,2.94,174.84,101.84,0,0,0,0,0,0,0,0,0,0,Saudável
VET0121,2024-01-05,Felina,Maine Coon,M,13.85,13.04,34.81,18.47,708.67,133.49,45.77,1.11,27.56,36.27,53.79,8.3,3.47,95.4,86.17,1,0,0,0,0,1,1,0,0,0,Pancreatite
VET0122,2024-08-27,Felina,Maine Coon,M,0.87,5.32,19.34,10.4,550.34,102.59,42.49,1.2,49.61,34.67,49.81,7.88,3.2,156.03,50.22,0,1,1,0,0,0,1,0,0,0,Anemia
VET0123,2025-06-23,Canina,SRD,F,12.58,14.3,45.67,13.0,419.67,79.98,36.74,1.49,104.12,32.92,75.72,6.62,3.25,258.24,46.14,1,0,0,0,1,0,1,0,0,0,Cinomose
VET0124,2023-10-29,Canina,Golden Retriever,F,1.97,14.5,46.38,9.39,259.78,78.47,46.25,0.55,87.88,23.38,58.28,6.35,2.88,239.14,155.72,0,0,0,1,1,0,1,0,0,0,Pancreatite
VET0125,2025-06-08,Canina,Pastor Alemão,F,10.02,14.41,44.63,8.75,290.23,95.58,41.81,0.95,46.32,41.43,63.39,5.93,2.99,186.08,50.92,0,0,0,0,0,0,0,0,0,0,Saudável
VET0126,2023-11-27,Canina,Yorkshire,F,10.67,14.77,42.1,12.08,300.8,90.93,50.06,1.49,19.91,41.21,116.64,5.73,3.47,264.59,41.22,0,1,1,0,0,1,1,1,0,0,Dermatite
VET0127,2024-05-12,Felina,Bengal,F,6.8,4.17,9.18,10.57,408.13,116.17,47.57,1.39,56.81,28.0,50.93,6.87,3.2,142.12,65.03,0,1,0,0,0,0,1,0,0,0,Anemia
VET0128,2024-06-11,Felina,Persa,F,12.17,2.73,16.07,11.72,594.09,125.48,48.63,1.22,48.77,33.41,37.66,6.92,3.56,140.04,80.67,0,0,1,0,0,0,1,0,0,0,Anemia
VET0129,2025-01-30,Felina,Sphynx,F,4.1,5.37,17.86,9.03,438.94,110.61,50.79,1.88,54.57,28.33,60.02,15.01,1.29,197.01,50.71,1,1,1,0,0,0,1,1,0,0,Leishmaniose
VET0130,2025-02-08,Felina,Ragdoll,F,1.52,4.24,14.31,9.6,532.3,112.21,42.84,1.08,37.75,30.02,53.33,7.24,3.25,138.79,82.18,0,0,0,0,0,0,0,0,0,0,Anemia
VET0131,2023-10-11,Felina,SRD,F,13.75,11.08,39.28,13.21,534.24,121.62,43.51,1.29,33.61,25.05,75.97,7.72,2.92,123.18,67.92,0,0,0,0,0,0,0,0,0,0,Saudável
VET0132,2024-11-01,Canina,Poodle,F,11.12,15.99,39.81,7.0,413.69,95.14,44.58,0.34,17.18,32.65,101.29,6.98,3.22,206.92,69.81,1,0,1,0,1,0,0,0,0,0,Dermatite
VET0133,2025-05-09,Canina,Golden Retriever,M,6.47,13.87,45.41,10.99,459.2,309.68,36.95,0.82,97.95,25.05,73.99,6.77,3.56,353.58,231.27,0,0,1,0,0,0,1,1,1,1,Diabetes Mellitus
VET0134,2025-05-07,Felina,Ragdoll,M,8.27,12.99,47.49,13.56,389.97,101.94,37.89,1.56,28.07,24.33,18.03,7.15,3.27,56.4,68.34,0,1,0,0,0,0,1,0,0,0,Cinomose
VET0135,2024-08-19,Canina,Beagle,F,5.16,15.65,47.83,4.62,333.18,91.42,47.87,1.16,46.96,31.55,124.91,6.33,2.88,188.42,121.69,0,1,0,1,0,0,1,0,1,0,Cinomose
VET0136,2025-08-08,Felina,Maine Coon,M,12.14,10.87,34.19,12.11,462.94,131.14,43.73,1.63,55.16,28.75,67.16,7.35,3.52,168.04,67.16,0,0,0,0,0,0,0,0,0,0,Saudável
VET0137,2024-02-20,Felina,Maine Coon,M,3.62,12.14,37.23,13.25,513.08,385.52,47.44,1.66,29.87,36.35,53.23,7.37,3.59,322.05,183.56,0,0,1,1,0,0,0,0,1,1,Diabetes Mellitus
VET0138,2025-10-04,Felina,Maine Coon,F,4.34,2.98,17.35,15.61,592.47,103.26,123.21,4.91,60.52,34.77,111.52,7.71,2.89,147.16,61.71,0,1,1,0,0,0,1,0,1,1,Doença Renal Crônica
VET0139,2024-09-06,Felina,Sphynx,F,12.75,13.72,36.12,12.31,473.39,117.86,41.77,1.42,272.6,144.45,190.43,2.01,0.94,103.23,43.97,1,1,0,1,1,0,1,0,0,0,Hepatopatia
VET0140,2025-02-28,Canina,Yorkshire,F,11.58,16.05,44.09,11.71,402.26,88.92,36.66,1.1,53.69,29.86,108.69,6.26,2.8,213.45,61.57,0,0,0,0,0,0,0,0,0,0,Saudável
VET0141,2025-09-11,Felina,Maine Coon,F,14.94,13.16,38.49,17.08,640.38,138.3,42.05,1.08,270.49,125.97,193.48,3.15,1.37,175.44,54.2,0,1,1,1,1,0,0,0,0,0,Hepatopatia
VET0142,2023-11-15,Felina,Ragdoll,F,2.96,14.01,39.97,15.41,691.68,108.41,39.12,1.83,69.59,36.7,41.63,7.25,2.66,181.73,86.75,1,0,0,1,0,0,1,0,0,1,Gastroenterite
VET0143,2025-06-02,Canina,Yorkshire,M,0.96,15.47,49.59,12.9,372.49,87.65,48.78,0.87,50.78,23.81,95.51,6.5,3.3,163.48,106.7,0,0,0,0,0,0,0,0,0,0,Saudável
VET0144,2024-03-12,Felina,Bengal,M,1.73,5.88,16.91,13.7,472.71,107.34,126.21,4.08,47.97,22.84,139.24,7.75,3.28,146.65,80.39,0,0,1,0,1,0,1,0,1,1,Doença Renal Crônica
VET0145,2025-05-25,Canina,Beagle,F,13.04,5.85,15.07,11.24,247.87,90.37,95.27,3.26,43.97,39.86,212.2,6.02,2.95,189.32,69.92,0,1,1,0,0,0,1,0,0,1,Doença Renal Crônica
VET0146,2025-01-17,Canina,SRD,F,12.42,14.97,43.71,12.45,269.64,92.3,36.35,1.08,91.36,34.34,65.42,6.42,2.8,198.31,68.76,0,0,0,0,0,0,0,0,0,0,Saudável
VET0147,2024-07-02,Felina,Persa,F,7.51,10.93,32.28,13.64,598.47,123.55,48.07,1.33,53.46,37.34,46.44,6.81,3.1,173.09,61.66,0,0,0,0,0,0,0,0,0,0,Saudável
VET0148,2024-09-17,Felina,Sphynx,F,13.94,13.71,35.85,5.34,389.06,147.51,42.53,1.31,38.7,52.85,79.15,8.91,3.13,154.76,28.38,0,1,0,0,0,0,0,0,1,0,Cinomose
VET0149,2025-07-19,Felina,Siamês,F,1.86,10.01,38.49,17.62,438.42,92.77,42.93,1.82,49.08,23.63,55.16,6.42,3.49,158.48,55.57,0,0,0,1,1,0,1,0,0,0,Dermatite
VET0150,2024-10-17,Canina,SRD,M,7.89,14.94,48.4,14.13,340.74,355.24,34.8,0.85,37.28,24.8,122.81,6.01,3.38,390.35,228.0,0,0,0,0,0,0,0,0,1,1,Diabetes Mellitus
VET0151,2025-09-09,Canina,SRD,M,13.97,14.8,41.81,11.0,361.21,303.01,30.98,0.92,45.14,45.1,74.35,6.83,3.06,425.41,227.62,0,0,1,0,0,0,1,0,1,1,Diabetes Mellitus
VET0152,2024-01-13,Canina,SRD,M,14.86,6.12,22.57,9.95,277.72,100.05,90.48,3.25,58.53,37.37,257.01,5.84,2.85,232.11,93.61,0,1,0,1,0,0,1,0,1,1,Doença Renal Crônica
VET0153,2024-06-13,Canina,Golden Retriever,M,11.48,4.85,16.18,12.67,321.89,83.45,91.97,3.47,35.28,34.59,228.21,6.43,3.28,153.83,85.26,0,1,1,1,1,0,1,0,1,1,Doença Renal Crônica
VET0154,2023-10-25,Canina,Yorkshire,F,4.68,14.15,50.72,13.04,339.36,103.52,30.02,0.91,46.78,29.72,64.4,6.84,3.1,207.4,73.88,0,0,0,0,0,0,0,0,0,0,Saudável
VET0155,2024-01-29,Felina,Persa,M,14.72,13.14,35.6,13.64,511.99,397.5,46.19,1.63,64.14,31.27,52.69,7.36,2.85,303.38,179.8,0,0,1,1,0,0,0,0,1,1,Diabetes Mellitus
VET0156,2025-06-22,Canina,Poodle,M,4.17,14.14,46.4,10.38,369.05,110.61,27.15,1.15,54.11,34.87,76.6,6.4,3.18,193.67,55.35,0,0,0,0,0,0,0,0,0,0,Saudável
VET0157,2023-11-17,Felina,Bengal,F,4.9,13.38,35.94,9.48,449.07,108.91,39.89,1.7,254.37,145.59,192.83,2.64,1.23,134.71,61.53,0,1,1,1,0,0,1,0,0,0,Hepatopatia
VET0158,2025-03-21,Felina,Ragdoll,M,4.2,12.6,46.31,12.39,438.34,82.46,42.19,1.46,46.12,50.68,55.48,7.15,2.9,153.8,42.09,1,1,0,0,0,0,1,1,0,0,Hipertireoidismo
VET0159,2023-10-28,Canina,Labrador,F,14.39,14.04,41.18,13.41,407.9,93.76,31.94,0.99,50.28,26.2,79.3,6.5,3.35,200.3,54.26,0,0,0,0,0,0,0,0,0,0,Saudável
VET0160,2024-10-20,Canina,SRD,F,6.0,15.2,47.87,9.41,426.61,96.52,42.34,0.93,79.54,36.57,95.78,6.52,3.1,225.21,87.74,0,0,0,0,0,0,0,0,0,0,Saudável
VET0161,2024-05-10,Felina,SRD,F,3.73,13.18,35.37,22.37,180.28,126.15,29.12,1.32,43.2,48.09,30.46,8.23,2.7,189.44,51.83,0,1,0,1,1,0,0,1,0,0,Pancreatite
VET0162,2024-05-27,Canina,Beagle,M,8.96,4.42,17.29,12.36,365.09,93.06,100.43,3.64,41.4,39.84,207.02,7.15,3.02,182.86,97.77,0,1,1,0,0,0,1,0,1,0,Doença Renal Crônica
VET0163,2023-12-30,Felina,Siamês,F,12.57,11.68,35.98,14.61,505.81,103.95,46.55,1.39,26.79,32.05,34.3,7.6,3.15,157.87,55.41,0,0,0,0,0,0,0,0,0,0,Saudável
VET0164,2025-04-13,Canina,Beagle,F,6.42,5.22,23.99,9.53,175.58,91.25,33.67,1.08,36.31,21.08,52.83,10.59,0.98,203.06,119.54,1,0,0,0,0,0,0,1,0,0,Leishmaniose
VET0165,2024-07-21,Felina,Maine Coon,F,6.26,2.9,9.42,13.16,594.07,99.69,47.36,1.2,50.5,28.05,41.72,7.48,3.1,121.44,71.06,0,1,1,0,0,0,1,0,0,0,Anemia
VET0166,2025-02-01,Felina,Sphynx,M,3.42,10.97,35.74,15.29,428.19,120.72,49.02,1.73,40.7,34.27,68.96,7.02,2.88,113.98,70.52,0,0,0,0,0,0,0,0,0,0,Saudável
VET0167,2025-02-03,Felina,Maine Coon,F,1.37,8.61,41.68,14.78,676.35,117.09,50.97,1.14,57.31,25.25,35.48,7.92,3.58,200.72,99.02,0,0,0,1,0,0,0,0,0,0,Hipertireoidismo
VET0168,2025-09-11,Felina,Siamês,F,4.79,12.83,39.91,13.18,482.83,84.62,44.06,1.5,41.67,29.86,43.05,7.13,3.22,140.5,78.74,0,0,0,0,0,0,0,0,0,0,Saudável
VET0169,2024-05-29,Felina,Persa,M,10.31,11.07,37.5,13.05,436.17,120.05,43.56,1.14,278.61,126.26,195.62,3.15,1.33,47.92,58.31,1,0,1,1,1,0,1,0,0,0,Hepatopatia
VET0170,2025-01-19,Felina,Sphynx,F,10.83,6.11,12.55,13.87,431.74,124.55,52.81,1.61,31.92,18.18,52.44,6.96,3.26,170.33,55.11,0,1,0,0,0,0,0,0,0,0,Anemia
VET0171,2023-10-23,Felina,Bengal,F,8.95,5.76,20.49,14.2,721.28,111.59,108.39,4.25,33.22,41.35,125.61,6.46,2.81,131.91,58.26,0,0,0,1,0,0,1,0,1,1,Doença Renal Crônica
VET0172,2025-07-15,Canina,Pastor Alemão,M,4.63,6.87,15.77,9.42,370.31,85.62,55.12,0.78,58.9,25.32,113.62,10.98,1.06,229.72,98.83,0,1,1,0,0,0,0,0,0,0,Leishmaniose
VET0173,2024-03-21,Felina,Maine Coon,M,9.4,3.15,20.56,13.51,495.69,94.28,133.5,4.62,60.71,48.56,111.85,7.35,2.95,110.92,66.37,0,1,1,0,0,0,1,0,1,1,Doença Renal Crônica
VET0174,2023-10-13,Felina,Ragdoll,F,14.56,12.62,43.29,9.13,663.94,97.54,64.48,1.62,25.67,5.69,61.99,6.97,3.13,170.28,85.23,0,1,0,1,0,0,1,0,0,0,Pancreatite
VET0175,2025-09-23,Felina,Sphynx,M,6.18,3.28,16.9,9.27,365.01,81.3,118.18,4.06,26.02,24.33,124.24,8.23,3.05,148.91,68.51,0,0,1,1,0,0,1,0,1,0,Doença Renal Crônica
VET0176,2024-08-22,Felina,Persa,M,2.58,12.12,35.61,13.92,504.85,101.83,49.48,1.45,25.62,35.52,46.94,7.77,3.23,131.94,60.2,0,0,0,0,0,0,0,0,0,0,Saudável
VET0177,2024-02-23,Felina,Ragdoll,F,7.48,12.72,41.94,9.59,530.34,127.87,55.22,1.33,50.16,33.42,47.05,7.21,3.29,103.22,70.17,0,0,0,0,0,0,0,0,0,0,Saudável
VET0178,2024-04-15,Felina,Bengal,F,12.1,3.18,14.28,14.86,398.83,134.47,37.92,1.46,46.84,25.28,41.72,15.09,0.77,162.76,58.1,0,1,1,0,0,0,1,1,0,0,Leishmaniose
VET0179,2024-03-26,Felina,Ragdoll,F,3.43,13.57,37.62,13.71,419.36,436.94,47.27,1.6,14.56,11.74,65.32,7.78,3.32,338.44,181.57,0,1,0,0,0,0,0,0,1,1,Diabetes Mellitus
VET0180,2024-07-03,Felina,Ragdoll,F,14.22,4.44,13.59,11.95,515.13,98.36,119.93,4.05,45.13,31.01,124.47,6.88,3.48,148.89,70.7,0,0,0,0,0,0,1,0,1,0,Doença Renal Crônica
VET0181,2025-02-16,Felina,Siamês,M,3.94,12.12,35.45,11.58,489.03,108.06,45.47,1.02,29.94,14.58,65.53,5.67,3.68,190.75,55.7,0,0,0,0,0,1,1,1,0,0,Cinomose
VET0182,2025-06-10,Canina,Bulldog,M,14.68,12.66,47.34,10.62,373.02,109.51,38.67,1.04,52.53,30.63,108.02,6.25,3.16,201.08,75.22,0,0,0,0,0,0,0,0,0,0,Saudável
VET0183,2024-06-02,Canina,Pastor Alemão,F,14.95,13.76,44.39,13.28,325.07,106.99,40.4,1.1,59.59,33.98,88.11,6.33,3.1,177.53,41.9,0,0,0,0,0,0,0,0,0,0,Saudável
VET0184,2025-03-26,Felina,SRD,F,11.26,12.99,35.33,15.92,465.09,95.91,44.11,1.77,25.77,23.69,60.72,7.95,3.18,124.56,86.08,0,0,0,0,0,0,0,0,0,0,Saudável
VET0185,2025-04-10,Canina,Bulldog,F,4.68,16.43,49.25,10.47,277.04,98.25,37.77,1.34,63.87,36.85,79.89,7.22,3.07,187.15,120.29,0,0,0,0,0,0,0,0,0,0,Saudável
VET0186,2025-01-03,Canina,Golden Retriever,M,9.16,13.67,41.03,11.45,378.82,95.92,34.49,0.84,58.14,28.53,42.3,6.83,3.34,201.08,89.47,0,0,0,0,0,0,0,0,0,0,Saudável
VET0187,2023-10-27,Canina,Poodle,M,6.3,4.47,15.08,13.32,312.24,87.51,36.73,1.52,64.41,19.66,44.54,11.36,1.5,252.16,66.15,0,0,1,0,0,0,0,1,0,0,Leishmaniose
VET0188,2025-09-28,Felina,SRD,F,10.29,6.06,9.24,14.19,684.29,86.33,57.82,1.5,62.63,39.17,31.37,11.11,1.4,167.16,67.54,0,0,0,0,0,0,1,1,0,0,Leishmaniose
VET0189,2024-07-16,Felina,Maine Coon,F,8.84,11.8,39.28,14.15,451.6,89.69,47.52,1.43,55.55,25.8,52.98,7.65,3.18,151.88,66.8,0,0,0,0,0,0,0,0,0,0,Saudável
VET0190,2025-01-25,Canina,SRD,F,3.15,14.26,40.66,11.58,435.4,87.89,31.25,1.18,34.17,29.18,96.63,6.25,3.1,215.63,93.22,0,0,0,0,0,0,0,0,0,0,Saudável
VET0191,2024-08-26,Canina,Labrador,F,14.31,15.48,37.86,7.68,347.93,84.07,32.37,0.9,81.74,26.34,70.28,6.9,2.93,217.77,97.93,1,0,0,1,0,0,0,1,1,0,Dermatite
VET0192,2025-05-08,Canina,SRD,M,10.95,8.14,15.73,11.81,411.77,103.72,108.8,3.73,34.43,38.24,255.9,6.42,3.17,202.05,81.09,0,1,1,0,0,0,1,0,1,0,Doença Renal Crônica
VET0193,2025-01-29,Felina,SRD,M,0.66,13.1,39.88,14.33,481.09,420.32,42.43,1.46,56.2,40.07,54.8,7.17,3.42,342.87,173.04,0,0,0,1,0,0,0,1,1,1,Diabetes Mellitus
VET0194,2024-02-08,Felina,Bengal,M,7.14,10.08,39.78,12.17,694.59,448.18,55.39,1.37,75.5,33.37,43.88,7.62,3.56,295.72,168.46,0,0,1,1,0,0,0,1,1,1,Diabetes Mellitus
VET0195,2024-07-14,Felina,Maine Coon,F,6.74,12.08,41.22,14.38,399.67,109.97,45.09,1.36,51.51,21.55,40.71,7.43,3.34,147.47,59.26,0,0,0,0,0,0,0,0,0,0,Saudável
VET0196,2024-03-07,Felina,Siamês,M,14.81,10.04,37.9,15.5,411.55,102.97,46.48,1.63,40.29,25.85,24.33,7.29,3.63,149.58,62.25,0,0,0,0,0,0,0,0,0,0,Saudável
VET0197,2024-01-09,Canina,Pastor Alemão,M,7.65,5.26,11.2,8.37,318.97,89.75,28.25,1.18,73.54,25.05,64.46,10.68,1.29,206.59,50.53,0,1,1,0,0,0,1,1,0,0,Leishmaniose
VET0198,2025-07-19,Felina,Ragdoll,M,11.66,3.77,12.58,9.92,460.6,103.84,136.6,4.11,49.04,22.87,106.41,7.41,3.34,134.71,50.43,0,1,0,1,0,0,1,0,0,1,Doença Renal Crônica
VET0199,2024-03-24,Canina,Golden Retriever,M,5.61,15.15,45.11,12.2,260.6,79.76,22.5,0.52,22.13,34.17,50.18,6.77,3.16,117.32,110.54,1,0,0,0,0,0,0,0,1,1,Hipertireoidismo
VET0200,2024-08-18,Canina,SRD,F,9.72,15.73,44.93,9.55,332.0,97.02,34.8,1.08,45.95,38.65,62.06,6.6,3.38,210.1,81.05,0,0,0,0,0,0,0,0,0,0,Saudável
VET0201,2025-09-07,Felina,Siamês,M,10.42,4.08,10.59,11.02,450.85,98.64,125.89,4.15,58.7,19.03,136.58,8.05,3.43,169.0,55.56,0,1,1,1,0,0,0,0,1,1,Doença Renal Crônica
VET0202,2024-12-25,Felina,Ragdoll,F,13.32,11.0,40.08,12.8,465.33,102.75,38.77,1.3,42.23,23.63,44.52,7.43,3.16,155.93,53.42,0,0,0,0,0,0,0,0,0,0,Saudável
VET0203,2025-01-13,Canina,Pastor Alemão,M,13.69,16.19,44.24,12.13,343.88,332.07,37.78,1.3,48.35,38.75,80.31,5.92,3.3,373.44,239.66,0,1,1,0,0,0,1,0,1,1,Diabetes Mellitus
VET0204,2024-04-01,Felina,SRD,M,3.2,11.8,40.19,11.33,509.58,432.16,47.57,1.54,27.51,43.81,51.53,7.13,3.43,294.18,190.59,0,0,1,0,0,0,1,1,1,1,Diabetes Mellitus
VET0205,2025-05-18,Canina,Poodle,M,1.07,6.22,14.12,13.17,311.98,83.76,34.59,1.04,62.4,37.49,83.84,7.03,3.19,192.73,53.57,0,0,0,0,0,0,0,0,0,0,Anemia
VET0206,2024-11-30,Canina,Golden Retriever,F,6.74,16.35,39.59,12.1,459.35,102.11,28.51,1.55,72.78,12.97,118.71,6.09,3.23,242.34,63.57,0,0,0,1,0,1,0,1,1,0,Dermatite
VET0207,2024-06-18,Felina,SRD,F,11.03,12.28,41.64,10.05,531.23,117.56,36.55,1.47,54.24,33.53,44.12,7.37,3.24,117.12,64.67,0,0,0,0,0,0,0,0,0,0,Saudável
VET0208,2024-05-16,Felina,Siamês,F,9.24,12.28,33.25,16.73,577.44,105.23,40.04,1.46,45.91,32.13,47.01,7.44,3.5,154.37,50.69,0,0,0,0,0,0,0,0,0,0,Saudável
VET0209,2024-02-06,Felina,SRD,M,8.01,13.73,35.76,8.95,471.72,414.65,36.11,1.54,56.62,23.42,23.32,7.26,2.76,311.93,166.72,0,1,0,0,0,0,1,0,0,1,Diabetes Mellitus
VET0210,2024-11-14,Felina,Ragdoll,F,8.78,11.41,39.4,12.56,387.55,94.24,46.19,1.38,249.46,137.09,177.17,2.05,0.82,130.91,53.81,1,0,1,0,0,0,1,0,0,0,Hepatopatia
VET0211,2025-02-18,Canina,Labrador,M,5.48,4.08,22.45,12.12,410.97,84.36,92.67,3.45,72.91,27.4,222.51,7.35,3.57,196.83,59.95,0,1,0,1,1,0,1,0,1,1,Doença Renal Crônica
VET0212,2025-08-30,Felina,Bengal,M,3.17,9.92,40.65,24.32,487.48,119.44,38.36,1.47,54.67,32.34,23.59,7.4,3.81,159.8,84.14,1,1,1,0,0,0,1,1,0,0,Cinomose
VET0213,2023-12-13,Felina,Bengal,F,12.53,3.87,14.62,12.82,468.93,105.11,39.65,1.29,53.87,24.41,68.5,13.07,0.98,102.94,82.17,1,0,1,0,0,0,1,1,0,0,Leishmaniose
VET0214,2024-02-19,Felina,Persa,F,9.82,11.8,37.88,13.38,533.52,107.91,40.9,1.18,55.69,34.62,51.82,7.55,3.17,134.69,51.47,0,0,0,0,0,0,0,0,0,0,Saudável
VET0215,2024-06-16,Felina,SRD,F,1.33,6.22,13.53,10.21,482.35,126.28,44.1,1.44,57.03,25.34,61.37,6.68,3.54,138.85,59.77,0,0,0,0,0,0,1,0,0,0,Anemia
VET0216,2024-11-16,Felina,Siamês,M,12.07,11.12,42.47,11.82,500.18,127.13,52.63,1.37,275.37,128.79,183.91,2.81,1.41,61.84,56.68,1,1,1,1,1,0,1,0,0,0,Hepatopatia
VET0217,2024-08-15,Canina,Bulldog,F,4.82,12.27,31.79,12.78,341.47,87.28,37.19,1.03,85.45,33.4,55.87,7.07,3.07,222.11,66.38,0,0,1,0,0,0,1,0,0,0,Cinomose
VET0218,2024-08-26,Felina,Ragdoll,M,9.29,6.08,13.12,12.47,524.56,139.01,33.41,1.17,40.2,32.23,37.87,13.05,0.98,126.38,53.73,0,0,1,0,0,0,0,1,0,0,Leishmaniose
VET0219,2024-11-22,Felina,SRD,F,2.74,5.44,19.72,16.1,305.89,71.81,131.51,4.03,38.06,38.78,104.42,6.47,2.36,157.57,66.15,0,1,0,1,1,0,0,0,1,0,Doença Renal Crônica
VET0220,2024-08-23,Felina,SRD,M,3.8,3.01,12.64,9.45,563.83,80.25,115.76,4.51,45.64,34.47,116.66,8.18,3.07,152.14,35.44,0,1,1,0,1,0,1,0,1,1,Doença Renal Crônica
VET0221,2025-08-16,Felina,Maine Coon,M,7.91,11.45,38.64,9.22,429.23,427.12,51.46,1.34,12.01,46.27,60.26,7.22,2.81,359.03,175.76,0,1,0,0,0,0,1,0,0,1,Diabetes Mellitus
VET0222,2024-05-18,Felina,Bengal,F,6.93,3.2,15.83,15.0,518.71,126.57,125.14,4.97,33.3,41.4,138.54,7.2,2.95,166.95,58.2,0,1,1,1,0,0,1,0,1,1,Doença Renal Crônica
VET0223,2025-01-10,Canina,Pastor Alemão,M,1.78,7.14,11.86,11.21,318.58,81.41,107.19,3.62,35.56,18.35,215.51,6.41,2.99,172.94,83.23,0,1,1,1,0,0,1,0,1,1,Doença Renal Crônica
VET0224,2023-10-26,Felina,Maine Coon,F,10.71,2.93,16.15,13.26,450.54,118.2,44.37,1.62,40.35,27.95,39.05,6.83,3.37,181.06,58.2,0,0,0,0,0,0,1,0,0,0,Anemia
VET0225,2024-01-04,Canina,SRD,M,10.67,14.39,42.47,8.86,321.65,100.49,34.11,0.97,55.6,23.34,94.65,6.57,3.07,221.12,63.01,0,0,0,0,0,0,0,0,0,0,Saudável
VET0226,2024-03-25,Canina,Poodle,M,7.38,16.02,41.35,9.99,397.1,100.7,39.22,0.95,48.71,23.11,103.17,6.8,3.36,233.69,93.23,0,0,0,0,0,0,0,0,0,0,Saudável
VET0227,2025-02-22,Felina,SRD,M,2.15,4.97,15.22,16.86,342.73,108.67,134.67,4.58,45.24,19.25,126.77,6.67,2.96,120.81,60.88,0,1,1,1,0,0,1,0,1,1,Doença Renal Crônica
VET0228,2023-12-17,Felina,SRD,M,9.92,11.61,37.13,10.25,531.7,81.07,47.42,1.21,273.37,139.43,185.86,3.07,1.21,149.25,54.99,0,0,1,1,0,0,0,0,0,0,Hepatopatia
VET0229,2024-12-16,Felina,Ragdoll,F,1.45,12.79,39.42,17.15,451.25,95.2,50.18,1.35,68.57,34.44,31.91,7.5,2.82,176.25,31.06,1,0,0,1,0,0,1,1,1,1,Cinomose
VET0230,2024-06-03,Felina,Sphynx,F,1.46,6.24,19.94,10.06,456.68,108.85,49.23,1.99,60.14,26.35,39.78,13.8,1.4,185.66,60.94,0,1,1,0,0,0,0,1,0,0,Leishmaniose
VET0231,2024-03-25,Canina,Yorkshire,M,1.98,13.86,44.11,4.18,473.27,78.71,46.3,1.36,30.68,20.61,98.66,5.92,3.19,179.72,15.53,0,1,1,0,0,1,1,0,0,0,Dermatite
VET0232,2024-02-05,Felina,Persa,M,3.49,7.99,39.98,15.36,267.59,91.73,37.1,1.44,55.1,47.96,34.61,6.88,3.68,154.79,91.02,0,0,0,0,0,1,1,0,0,0,Pancreatite
VET0233,2024-08-12,Canina,Poodle,F,10.83,7.72,25.35,12.14,281.22,99.66,93.25,3.3,88.61,41.2,245.71,6.75,3.4,217.86,96.7,0,1,1,0,1,0,0,0,1,0,Doença Renal Crônica
VET0234,2025-10-08,Felina,Sphynx,F,6.38,11.97,33.91,13.38,465.32,120.57,45.01,1.47,34.95,26.46,40.18,7.57,3.55,131.71,74.61,0,0,0,0,0,0,0,0,0,0,Saudável
VET0235,2024-02-17,Felina,Sphynx,F,9.83,10.14,32.8,16.15,265.32,117.54,43.31,1.58,38.82,33.52,29.4,7.21,3.41,149.98,71.06,0,0,0,0,0,0,0,1,0,0,Gastroenterite
VET0236,2024-04-07,Canina,Yorkshire,F,2.05,16.21,42.59,14.76,368.68,102.75,41.6,1.21,53.51,38.89,89.96,6.79,3.38,177.09,100.49,0,0,0,0,0,0,0,0,0,0,Saudável
VET0237,2024-03-24,Felina,Siamês,F,2.62,4.28,12.72,13.54,546.75,108.39,68.34,0.9,44.2,33.28,41.77,14.92,1.13,175.65,75.09,0,1,0,0,0,0,0,1,0,0,Leishmaniose
VET0238,2025-03-31,Felina,Siamês,M,4.84,3.09,9.2,11.82,534.74,99.02,25.71,2.18,33.19,31.78,46.09,12.05,1.4,145.13,75.38,1,0,1,0,0,0,1,0,0,0,Leishmaniose
VET0239,2024-08-16,Felina,Persa,M,11.11,12.73,36.18,10.93,486.71,95.88,53.19,1.3,53.73,31.26,34.66,7.25,3.36,141.89,75.92,0,0,0,0,0,0,0,0,0,0,Saudável
VET0240,2024-06-13,Felina,Ragdoll,F,6.55,13.23,34.4,12.09,463.35,111.71,45.05,1.64,43.86,38.25,41.69,7.6,3.25,173.54,45.88,0,0,0,0,0,0,0,0,0,0,Saudável
VET0241,2023-12-13,Felina,Ragdoll,M,6.92,11.69,38.6,13.94,449.67,110.81,35.91,1.66,39.62,30.34,41.75,7.68,2.6,144.73,61.31,0,0,0,0,0,0,0,0,0,0,Saudável
VET0242,2025-06-03,Felina,SRD,F,7.46,3.54,18.76,9.65,524.88,117.68,39.08,1.34,57.61,33.6,40.85,7.03,3.61,121.13,61.83,0,1,0,0,0,0,1,0,0,0,Anemia
VET0243,2025-06-30,Canina,Yorkshire,F,3.7,14.79,53.12,11.23,288.15,333.95,36.27,1.02,102.21,28.4,92.16,6.41,3.58,459.11,293.76,0,1,0,0,0,0,0,0,1,1,Diabetes Mellitus
VET0244,2024-08-17,Canina,Golden Retriever,M,13.44,15.5,47.94,11.24,321.12,107.49,31.15,1.06,63.81,23.94,94.37,6.12,3.31,179.78,98.51,0,0,0,0,0,0,0,0,0,0,Saudável
VET0245,2025-01-12,Canina,Yorkshire,F,1.15,16.0,42.83,10.2,390.39,103.48,31.97,0.93,46.2,24.07,60.21,6.06,3.09,205.69,93.45,0,0,0,0,0,0,0,0,0,0,Saudável
VET0246,2025-07-20,Felina,Ragdoll,F,8.85,11.85,39.26,12.24,624.5,117.84,48.29,1.54,252.36,134.22,190.79,2.76,1.56,122.62,54.17,1,0,1,0,0,0,1,0,0,0,Hepatopatia
VET0247,2024-01-08,Felina,Siamês,F,13.15,12.13,40.52,13.95,502.1,105.14,44.51,0.64,240.68,149.01,161.78,1.83,0.89,176.8,65.66,0,1,1,0,1,0,0,0,0,0,Hepatopatia
VET0248,2025-02-12,Canina,Labrador,F,4.31,15.92,43.75,4.68,357.72,89.46,37.29,1.49,307.86,149.06,338.88,2.97,0.82,172.65,137.72,0,1,1,1,0,0,0,0,0,0,Hepatopatia
VET0249,2024-07-23,Canina,Labrador,M,6.22,15.71,42.43,12.33,276.92,112.76,29.69,1.27,20.85,40.7,47.31,6.61,3.55,191.6,44.86,0,1,1,0,0,1,1,0,1,0,Cinomose
VET0250,2025-04-23,Canina,Yorkshire,F,5.67,9.1,41.58,15.49,346.96,89.91,45.5,1.02,-1.5,16.69,101.33,6.41,3.72,169.2,72.93,0,1,0,0,0,0,0,0,0,0,Cinomose
VET0251,2024-11-12,Canina,SRD,M,1.69,4.77,17.87,9.87,389.14,109.27,99.43,3.97,47.45,37.8,214.37,5.65,3.32,177.49,92.99,0,1,1,0,1,0,0,0,0,1,Doença Renal Crônica
VET0252,2024-09-22,Felina,Siamês,F,8.33,11.78,39.03,12.08,397.53,113.99,49.53,1.63,41.03,30.87,45.53,7.81,3.03,137.33,53.11,0,0,0,0,0,0,0,0,0,0,Saudável
VET0253,2024-04-15,Canina,Pastor Alemão,F,1.41,13.7,47.85,11.27,402.49,98.98,25.2,0.96,47.42,35.02,33.82,7.25,3.25,203.13,108.04,0,0,0,0,0,0,0,0,0,0,Saudável
VET0254,2025-04-14,Canina,Golden Retriever,M,8.64,17.11,44.17,12.19,337.58,97.02,30.29,0.91,36.57,28.77,34.82,6.35,3.05,203.17,85.87,0,0,0,0,0,0,0,0,0,0,Saudável
VET0255,2023-11-11,Felina,Bengal,M,9.93,13.13,36.13,10.37,419.6,115.19,41.93,1.57,55.43,38.24,36.05,7.43,3.33,137.18,53.82,0,0,0,0,0,0,0,0,0,0,Saudável
VET0256,2025-05-17,Felina,Bengal,M,3.26,13.45,35.22,8.96,499.69,102.11,43.86,1.23,57.69,26.03,40.46,7.39,2.91,121.07,66.79,0,0,0,0,0,0,0,0,0,0,Saudável
VET0257,2025-01-23,Felina,Ragdoll,F,11.48,6.25,18.37,11.25,606.57,80.22,126.85,4.11,46.58,36.85,108.85,7.04,2.88,154.26,77.52,0,1,1,1,1,0,0,0,1,1,Doença Renal Crônica
VET0258,2025-10-01,Felina,Ragdoll,F,1.91,10.79,37.35,11.81,671.6,124.31,50.82,1.51,246.67,144.94,188.8,2.91,0.84,122.91,56.99,1,0,1,1,1,0,1,0,0,0,Hepatopatia
VET0259,2024-03-30,Felina,Ragdoll,M,7.06,2.94,15.59,11.73,639.85,126.64,118.5,4.64,34.64,19.32,141.13,7.06,3.32,150.28,81.3,0,1,1,0,0,0,1,0,1,1,Doença Renal Crônica
VET0260,2024-10-22,Canina,Yorkshire,F,5.95,15.47,45.65,12.82,332.35,92.55,38.74,1.09,49.44,37.93,71.57,6.22,2.6,188.37,110.52,0,0,0,0,0,0,0,0,0,0,Saudável
VET0261,2025-01-27,Felina,Ragdoll,F,1.04,4.59,17.05,9.91,423.19,112.32,132.26,4.53,48.93,44.86,118.47,7.74,3.22,137.63,107.72,0,1,0,0,1,0,1,0,1,0,Doença Renal Crônica
VET0262,2024-09-12,Felina,Persa,F,10.79,4.64,15.1,13.82,548.48,99.82,43.09,1.32,26.15,28.02,52.69,6.77,3.42,153.05,54.24,0,0,1,0,0,0,1,0,0,0,Anemia
VET0263,2024-09-15,Canina,Pastor Alemão,F,5.67,14.87,44.5,11.54,385.43,95.97,35.19,1.13,64.0,32.17,75.75,6.51,2.84,195.58,36.8,0,0,0,0,0,0,0,0,0,0,Saudável
VET0264,2024-12-12,Felina,Ragdoll,M,6.5,10.49,40.4,12.53,425.83,125.05,48.29,1.5,52.52,44.37,67.94,6.99,3.54,151.32,68.11,0,0,0,0,0,0,0,0,0,0,Saudável
VET0265,2025-10-02,Felina,Siamês,M,3.39,3.89,14.29,7.46,534.33,123.31,44.82,0.59,41.9,32.29,40.44,14.0,1.74,161.29,64.44,1,0,1,0,0,0,1,1,0,0,Leishmaniose
VET0266,2024-12-21,Felina,Sphynx,M,2.33,4.52,20.86,6.94,444.57,109.13,135.46,4.39,38.88,16.99,134.48,6.86,3.45,179.94,72.27,0,1,1,1,1,0,1,0,1,0,Doença Renal Crônica
VET0267,2023-12-29,Felina,Persa,M,12.27,12.44,37.59,10.96,498.4,395.16,50.42,1.43,46.82,24.91,51.58,7.15,3.29,332.28,151.05,0,0,0,0,0,0,0,0,1,1,Diabetes Mellitus
VET0268,2023-12-05,Felina,Ragdoll,M,0.65,10.91,35.77,12.64,561.73,116.02,46.12,1.41,49.2,31.21,34.19,7.27,2.97,146.34,57.09,0,0,0,0,0,0,0,0,0,0,Saudável
VET0269,2024-11-28,Canina,SRD,F,1.73,17.29,47.74,11.48,294.49,80.76,38.37,1.31,45.08,23.8,78.66,6.15,3.02,212.82,84.02,0,0,0,0,0,0,0,0,0,0,Saudável
VET0270,2025-05-29,Canina,Bulldog,M,12.61,3.85,22.69,13.36,373.56,99.54,40.23,0.69,26.52,32.85,97.47,12.64,1.67,220.41,67.0,1,0,0,0,0,0,1,0,0,0,Leishmaniose
VET0271,2024-08-11,Felina,Siamês,M,6.91,6.03,9.11,10.65,490.06,106.62,124.64,4.84,55.45,32.6,140.07,8.39,2.96,156.4,54.56,0,1,0,1,0,0,1,0,1,0,Doença Renal Crônica
VET0272,2024-04-06,Canina,Golden Retriever,F,10.75,7.25,21.65,10.39,340.96,87.34,104.64,3.62,34.69,34.67,195.64,5.92,3.04,172.14,99.29,0,1,1,1,0,0,0,0,1,0,Doença Renal Crônica
VET0273,2025-04-25,Felina,Sphynx,F,2.19,15.24,33.96,6.64,619.01,114.3,47.29,1.18,28.16,0.54,40.21,8.33,2.83,94.76,72.3,0,0,0,1,0,0,1,0,1,0,Hipertireoidismo
VET0274,2024-12-12,Felina,Sphynx,F,12.37,12.56,39.13,12.63,545.6,105.27,41.52,1.55,36.13,33.85,45.32,6.38,3.08,150.52,57.93,0,0,0,0,0,0,0,0,0,0,Saudável
VET0275,2025-07-25,Canina,Yorkshire,M,12.01,12.71,47.62,13.08,431.34,98.8,30.25,1.01,59.16,43.36,57.74,6.83,3.19,217.59,83.01,0,0,0,0,0,0,0,0,0,0,Saudável
VET0276,2024-03-19,Canina,Beagle,F,11.29,15.38,43.39,10.61,329.0,353.68,28.33,0.92,32.25,41.1,62.89,6.32,3.01,406.43,245.08,0,1,1,0,0,0,1,1,1,1,Diabetes Mellitus
VET0277,2025-09-26,Canina,Beagle,F,5.9,14.67,43.65,10.5,383.03,97.71,39.36,1.11,33.25,43.6,92.32,6.61,3.08,223.38,63.68,0,0,0,0,0,0,0,0,0,0,Saudável
VET0278,2024-09-28,Canina,Yorkshire,F,1.93,4.65,21.12,12.11,431.44,103.23,91.82,3.63,77.04,40.35,254.26,6.23,3.31,151.7,67.14,0,1,1,1,1,0,1,0,1,1,Doença Renal Crônica
VET0279,2023-12-27,Felina,Sphynx,F,12.21,13.25,39.43,13.66,484.56,122.99,44.42,1.25,37.03,24.13,42.14,7.71,3.03,148.11,55.11,0,0,0,0,0,0,0,0,0,0,Saudável
VET0280,2024-06-15,Canina,Pastor Alemão,M,4.66,13.92,48.93,11.85,358.93,313.42,34.96,0.96,47.97,34.84,89.25,6.6,2.81,397.52,295.01,0,0,0,0,0,0,1,1,1,1,Diabetes Mellitus
VET0281,2025-02-26,Felina,Bengal,M,14.84,11.73,36.82,14.41,459.87,115.22,43.63,1.27,41.53,32.02,54.61,7.16,2.95,161.5,52.4,0,0,0,0,0,0,0,0,0,0,Saudável
VET0282,2024-12-05,Felina,Ragdoll,F,5.04,11.75,32.55,8.3,502.04,117.37,46.69,1.43,57.2,26.76,54.4,6.64,3.01,115.18,59.41,0,0,0,0,0,0,0,0,0,0,Saudável
VET0283,2025-08-25,Canina,Golden Retriever,M,3.92,14.38,46.11,11.11,335.25,76.82,29.17,1.16,65.86,22.85,69.11,6.79,3.01,197.66,113.12,0,0,0,0,0,0,0,0,0,0,Saudável
VET0284,2025-06-14,Felina,Maine Coon,M,9.19,12.78,40.83,23.3,230.07,124.61,39.99,1.19,31.98,19.09,80.38,7.88,3.21,189.58,28.47,0,1,1,0,0,0,1,0,0,0,Hipertireoidismo
VET0285,2024-09-08,Canina,Golden Retriever,F,5.43,15.09,46.4,9.17,386.14,96.8,38.3,0.74,59.21,26.26,77.25,6.62,3.17,182.12,85.12,0,0,0,0,0,0,0,0,0,0,Saudável
VET0286,2023-10-28,Felina,Ragdoll,F,3.39,9.6,36.22,14.96,419.07,131.08,38.07,1.17,23.03,38.2,43.88,6.52,3.03,43.65,80.0,1,1,0,0,1,1,0,0,0,0,Cinomose
VET0287,2023-12-10,Canina,Beagle,M,3.55,13.82,48.14,12.19,366.18,75.47,32.64,0.93,42.12,30.32,63.04,6.52,3.3,214.29,82.31,0,0,0,0,0,0,0,0,0,0,Saudável
VET0288,2024-08-19,Felina,Bengal,F,13.3,10.73,39.94,12.18,448.35,421.17,36.09,1.35,73.1,42.09,44.87,7.85,3.4,300.3,151.98,0,1,1,0,0,0,1,1,1,1,Diabetes Mellitus
VET0289,2025-03-02,Canina,Bulldog,F,2.33,14.48,45.54,14.2,341.75,94.85,32.83,1.23,81.46,34.87,86.61,6.46,2.69,215.65,87.62,0,0,0,0,0,0,0,0,0,0,Saudável
VET0290,2024-10-04,Felina,Persa,M,1.71,12.77,43.83,7.42,330.65,106.72,39.36,1.45,70.37,3.05,78.21,6.94,3.41,165.42,79.05,1,1,0,0,0,0,0,1,0,0,Cinomose
VET0291,2023-12-20,Felina,Bengal,F,12.34,12.11,45.6,16.11,469.75,126.13,41.22,1.44,54.27,24.99,30.61,8.17,3.46,70.6,47.47,1,0,0,0,1,0,0,0,0,0,Hipertireoidismo
VET0292,2025-01-01,Canina,Beagle,M,0.79,13.59,48.49,15.79,298.01,94.87,34.74,1.09,66.89,22.85,110.25,5.42,2.63,289.7,65.11,0,1,1,1,0,0,0,1,0,0,Dermatite
VET0293,2025-07-09,Canina,Yorkshire,M,1.0,15.66,48.85,11.44,384.68,95.37,26.72,0.54,57.83,31.12,92.77,6.37,3.54,204.84,76.28,0,0,0,0,0,0,0,0,0,0,Saudável
VET0294,2024-11-03,Canina,SRD,M,4.99,14.02,46.02,10.18,363.37,309.29,29.27,1.19,64.11,53.25,124.71,6.19,3.39,400.28,238.72,0,1,1,0,0,0,1,0,1,1,Diabetes Mellitus
VET0295,2025-08-01,Canina,Pastor Alemão,M,3.27,14.32,47.03,13.36,271.58,98.07,33.75,1.07,61.2,31.51,82.98,6.38,3.34,208.79,89.3,0,0,0,0,0,0,0,0,0,0,Saudável
VET0296,2024-11-08,Canina,Pastor Alemão,M,2.33,15.93,46.25,10.66,235.09,354.49,34.24,1.0,72.81,51.05,92.61,6.4,3.09,359.89,285.33,0,1,0,0,0,0,1,1,1,1,Diabetes Mellitus
VET0297,2025-05-15,Canina,Poodle,M,7.14,11.8,47.9,9.95,368.42,93.33,43.58,1.32,47.0,17.15,137.0,6.82,3.03,222.8,87.92,0,0,0,1,0,0,1,1,0,1,Hipertireoidismo
VET0298,2025-04-15,Felina,Sphynx,M,3.81,13.19,37.26,9.1,483.52,120.48,43.24,1.44,47.62,29.93,37.6,7.5,2.87,145.14,78.09,0,0,0,0,0,0,0,0,0,0,Saudável
VET0299,2025-09-25,Canina,Golden Retriever,F,4.37,14.19,36.66,15.9,574.77,95.69,29.23,1.98,19.39,32.71,92.01,7.3,3.29,179.06,47.9,0,0,1,0,0,0,0,1,0,0,Hipertireoidismo
VET0300,2025-09-24,Canina,Bulldog,M,12.38,15.13,44.53,10.88,378.31,308.85,33.58,1.02,45.77,35.5,84.51,6.26,3.14,427.38,270.87,0,1,1,0,0,0,1,1,1,1,Diabetes Mellitus
