id,especie,idade_anos,sexo,hemoglobina,hematocrito,eritrocitos,leucocitos,neutrofilos,linfocitos,monocitos,eosinofilos,plaquetas,glicose,ureia,creatinina,alt,ast,fa,ggt,bilirrubina_total,proteinas_totais,albumina,globulinas,colesterol,triglicerideos,calcio,fosforo,sodio,potassio
LAB0001,Felina,12.1,M,15.55,25.1,6.19,20.89,4.64,1.68,0.86,1.29,489.0,159.46,55.56,0.74,99.0,27.0,32.0,3.0,0.19,5.8,2.3,3.85,197.0,77.0,11.0,4.15,149.0,3.82
LAB0002,Felina,1.6,F,14.34,47.64,9.88,8.18,13.52,2.97,0.17,1.31,568.0,76.47,44.34,1.15,75.0,30.0,99.0,0.0,0.21,7.19,3.26,3.45,182.0,107.0,10.82,6.22,156.0,4.6
LAB0003,Canina,5.3,F,13.98,39.51,6.4,8.57,11.65,2.25,0.2,1.05,173.0,68.84,24.87,1.14,55.0,50.0,137.0,4.0,0.23,5.95,3.62,2.6,103.0,147.0,9.93,2.96,144.0,5.37
LAB0004,Canina,9.2,F,14.82,45.61,7.93,19.45,4.94,4.24,0.39,0.43,420.0,92.4,56.92,0.54,64.0,56.0,164.0,2.0,0.25,6.86,2.57,4.44,283.0,47.0,8.86,2.8,154.0,3.89
LAB0005,Felina,5.9,M,12.79,26.79,6.13,20.77,13.86,5.69,0.03,0.49,564.0,87.52,65.93,1.8,12.0,55.0,96.0,0.0,0.26,6.56,3.05,3.04,161.0,116.0,9.51,3.33,153.0,4.18
LAB0006,Felina,5.5,F,9.54,29.78,8.84,8.78,12.09,2.24,0.48,0.7,722.0,153.17,34.31,1.28,19.0,33.0,49.0,5.0,0.38,6.84,3.23,5.19,193.0,20.0,8.96,4.69,148.0,3.9
LAB0007,Felina,11.5,M,10.1,26.31,6.15,18.43,13.14,3.9,0.62,1.47,350.0,81.54,38.13,0.93,41.0,55.0,63.0,2.0,0.38,5.67,2.7,4.2,166.0,24.0,9.21,5.6,154.0,4.78
LAB0008,Felina,11.9,M,11.42,28.22,9.74,12.55,6.47,5.6,0.75,0.47,656.0,146.72,55.29,0.69,59.0,47.0,18.0,1.0,0.36,5.57,3.73,3.92,143.0,21.0,10.46,4.44,152.0,4.85
LAB0009,Canina,5.9,M,15.31,41.99,7.86,14.27,5.68,1.51,1.69,0.72,414.0,97.67,23.95,1.36,12.0,31.0,105.0,4.0,0.4,7.48,3.61,2.58,139.0,106.0,11.3,5.42,153.0,4.11
LAB0010,Canina,1.1,F,11.57,30.93,7.84,7.85,5.16,1.33,1.86,1.16,417.0,132.93,30.55,1.39,9.0,19.0,152.0,8.0,0.24,6.13,3.21,2.5,148.0,53.0,9.25,5.32,144.0,3.88
LAB0011,Canina,0.8,F,12.41,32.36,6.07,15.96,7.96,4.27,1.92,1.59,392.0,99.47,16.8,1.97,49.0,18.0,125.0,3.0,0.33,6.76,3.06,4.17,153.0,92.0,10.11,4.82,152.0,4.29
LAB0012,Felina,0.8,F,15.46,34.58,8.65,4.37,5.06,3.92,1.32,0.79,715.0,108.38,47.07,0.83,81.0,19.0,90.0,5.0,0.38,7.32,3.59,4.84,98.0,80.0,8.1,4.99,147.0,3.87
LAB0013,Canina,0.7,M,16.23,32.23,6.51,6.92,8.17,3.55,1.11,1.48,284.0,121.21,34.47,1.17,80.0,11.0,123.0,6.0,0.22,5.26,2.45,4.35,238.0,40.0,9.57,4.57,153.0,3.59
LAB0014,Felina,5.3,F,8.07,30.03,9.8,15.04,5.77,1.4,0.04,0.37,691.0,101.59,57.42,2.34,44.0,16.0,54.0,5.0,0.34,5.73,3.62,4.22,207.0,32.0,9.6,6.52,150.0,4.46
LAB0015,Felina,1.7,M,10.6,48.63,6.41,12.3,10.89,1.97,0.73,1.11,683.0,122.63,55.11,0.84,95.0,12.0,79.0,1.0,0.38,8.02,3.73,3.16,142.0,82.0,10.31,3.42,158.0,5.28
LAB0016,Felina,10.7,M,12.15,36.55,6.57,14.46,11.62,3.47,0.94,1.05,606.0,65.2,63.69,1.47,30.0,18.0,51.0,4.0,0.21,8.12,2.48,3.93,219.0,97.0,8.63,5.01,148.0,4.32
LAB0017,Canina,5.1,F,12.28,57.67,6.78,10.08,7.52,3.42,1.12,0.97,352.0,74.11,51.57,1.27,20.0,48.0,169.0,9.0,0.25,5.41,3.18,2.73,287.0,49.0,9.26,3.92,146.0,5.09
LAB0018,Felina,16.3,M,10.14,37.73,5.74,15.01,9.57,5.29,1.41,1.37,723.0,84.47,30.92,1.17,90.0,58.0,87.0,1.0,0.38,6.98,2.32,3.83,86.0,74.0,9.02,4.89,153.0,5.24
LAB0019,Felina,13.7,F,14.56,47.64,5.6,13.57,6.06,1.28,1.0,1.29,331.0,141.24,63.4,2.34,30.0,55.0,35.0,3.0,0.12,5.65,3.67,3.83,116.0,39.0,10.01,3.0,155.0,3.66
LAB0020,Canina,1.2,F,14.85,40.65,5.96,19.42,8.77,1.09,0.86,1.75,271.0,67.56,49.13,1.37,71.0,13.0,38.0,6.0,0.18,6.51,3.23,3.07,290.0,155.0,10.67,2.77,142.0,4.49
LAB0021,Felina,10.8,M,9.27,37.19,6.82,15.51,4.11,3.58,0.41,1.33,270.0,151.37,62.48,1.17,80.0,7.0,97.0,3.0,0.19,6.77,2.43,5.47,86.0,85.0,9.33,6.8,148.0,4.56
LAB0022,Canina,6.3,M,10.68,35.81,5.64,15.81,4.7,3.29,0.43,1.72,527.0,101.48,30.85,0.77,11.0,23.0,123.0,5.0,0.48,6.19,3.48,3.48,203.0,63.0,9.86,4.15,151.0,5.38
LAB0023,Canina,9.9,M,14.96,46.33,5.51,16.17,11.86,4.78,0.39,1.75,432.0,96.31,39.33,1.76,60.0,29.0,96.0,6.0,0.18,7.7,3.45,3.77,120.0,117.0,8.86,2.78,148.0,4.31
LAB0024,Canina,10.4,M,14.31,35.24,7.96,12.98,9.19,2.3,0.19,1.95,265.0,93.9,44.24,0.44,98.0,37.0,61.0,1.0,0.16,7.69,3.47,3.0,113.0,130.0,10.22,3.92,145.0,3.93
LAB0025,Felina,9.2,F,9.41,39.93,7.12,12.04,5.68,5.95,0.73,0.82,402.0,78.18,28.87,1.96,24.0,43.0,42.0,2.0,0.24,6.79,2.49,3.43,173.0,87.0,8.86,4.84,148.0,3.92
LAB0026,Felina,15.3,M,9.69,30.69,6.4,6.29,10.49,1.45,0.2,0.97,420.0,130.79,50.08,1.09,67.0,11.0,56.0,2.0,0.18,7.61,3.96,5.5,165.0,60.0,8.68,4.03,151.0,4.23
LAB0027,Canina,1.1,F,13.73,41.51,7.51,14.41,8.53,2.34,1.64,0.08,498.0,101.02,32.92,1.2,82.0,11.0,159.0,4.0,0.24,5.41,3.05,3.49,181.0,129.0,9.76,5.86,149.0,5.11
LAB0028,Felina,15.5,M,10.69,39.24,9.31,5.41,3.41,6.1,0.32,1.0,521.0,143.29,30.63,0.85,58.0,57.0,44.0,2.0,0.28,8.76,3.89,5.49,83.0,31.0,9.83,6.28,149.0,3.98
LAB0029,Felina,14.2,F,10.96,37.65,7.8,17.12,6.94,4.68,0.88,0.82,570.0,85.94,28.81,0.83,26.0,33.0,85.0,4.0,0.34,6.73,3.07,3.68,107.0,26.0,9.77,6.96,147.0,3.59
LAB0030,Felina,4.7,F,14.64,42.6,9.73,11.36,10.77,3.79,0.95,0.67,344.0,110.79,48.79,2.14,75.0,42.0,16.0,4.0,0.25,8.63,4.05,2.67,195.0,24.0,9.1,5.17,147.0,4.99
LAB0031,Felina,7.7,F,12.65,42.86,9.58,16.7,10.9,3.37,0.0,0.18,517.0,127.51,43.79,1.99,55.0,9.0,23.0,4.0,0.32,8.63,2.52,5.47,109.0,21.0,10.99,4.12,154.0,3.85
LAB0032,Canina,5.0,M,13.2,50.11,5.56,14.0,6.03,1.84,0.63,0.36,511.0,91.77,26.04,1.12,42.0,47.0,175.0,4.0,0.44,6.7,2.57,3.88,203.0,124.0,11.17,4.04,154.0,5.0
LAB0033,Felina,1.2,F,10.6,49.59,8.34,4.79,6.58,4.74,0.08,0.04,475.0,93.27,44.72,1.1,21.0,43.0,54.0,1.0,0.2,7.57,2.44,2.94,90.0,101.0,10.26,6.01,154.0,4.84
LAB0034,Canina,2.8,F,10.38,48.64,7.33,12.01,6.22,2.11,1.29,1.39,498.0,87.39,49.64,1.3,107.0,36.0,100.0,6.0,0.4,7.89,2.43,2.61,288.0,105.0,10.34,4.19,141.0,5.04
LAB0035,Canina,3.0,F,13.06,55.14,5.22,18.1,5.31,3.37,1.87,1.36,316.0,115.16,30.48,0.84,120.0,48.0,121.0,4.0,0.12,5.09,3.24,4.02,207.0,155.0,8.6,3.78,144.0,4.39
LAB0036,Felina,1.5,M,9.79,48.06,7.13,21.74,9.43,6.58,0.01,1.12,702.0,73.97,29.33,1.41,94.0,35.0,55.0,1.0,0.1,8.34,2.47,4.4,208.0,41.0,10.0,3.31,153.0,3.83
LAB0037,Felina,14.6,M,11.71,39.99,5.86,17.35,6.28,4.97,0.24,1.03,314.0,102.54,36.12,2.02,30.0,53.0,90.0,1.0,0.28,5.81,3.04,4.64,172.0,82.0,8.85,4.51,146.0,4.94
LAB0038,Felina,8.7,F,9.99,33.11,6.67,4.46,6.76,5.82,1.35,0.78,478.0,63.08,64.56,0.62,95.0,32.0,37.0,5.0,0.11,7.53,3.34,3.16,140.0,85.0,10.18,3.0,157.0,3.83
LAB0039,Felina,3.8,M,8.3,28.08,9.93,9.67,3.94,1.64,1.08,1.28,378.0,62.09,35.04,0.71,15.0,29.0,27.0,3.0,0.18,8.79,4.02,4.2,130.0,58.0,9.24,5.91,151.0,5.21
LAB0040,Canina,3.2,F,15.61,32.85,5.6,10.62,4.86,4.51,0.32,0.91,392.0,115.35,32.24,1.79,70.0,32.0,26.0,5.0,0.43,6.84,3.71,3.49,124.0,22.0,9.41,4.94,152.0,4.09
LAB0041,Canina,2.5,F,14.11,36.94,5.41,7.15,3.5,1.79,0.02,1.25,277.0,137.85,23.72,0.95,46.0,10.0,153.0,0.0,0.48,7.68,3.21,3.59,231.0,82.0,10.44,2.66,141.0,4.41
LAB0042,Canina,7.9,M,11.05,54.68,5.63,10.31,5.85,2.6,0.3,1.01,471.0,95.32,37.08,1.76,86.0,35.0,58.0,9.0,0.33,5.66,2.76,4.11,109.0,179.0,8.89,5.29,146.0,4.48
LAB0043,Canina,10.2,M,15.37,31.48,5.01,7.92,9.13,1.49,0.23,0.82,409.0,116.97,23.03,0.53,113.0,23.0,156.0,9.0,0.41,5.51,3.7,4.04,219.0,74.0,9.29,2.93,148.0,4.67
LAB0044,Felina,16.1,F,10.91,41.03,9.51,6.95,7.27,1.85,0.94,1.09,716.0,87.89,67.76,0.72,62.0,8.0,90.0,3.0,0.3,8.41,2.59,2.62,203.0,51.0,8.39,4.87,153.0,3.56
LAB0045,Canina,10.5,M,14.2,56.85,7.95,14.19,4.45,4.62,1.03,0.31,519.0,120.6,47.93,1.53,28.0,21.0,129.0,2.0,0.28,7.35,3.63,3.41,258.0,154.0,10.46,3.3,144.0,4.13
LAB0046,Canina,14.4,M,12.1,43.66,7.73,5.67,9.48,3.75,0.19,1.85,377.0,89.1,49.04,0.81,85.0,12.0,154.0,4.0,0.35,5.66,3.45,4.04,195.0,119.0,9.87,5.63,147.0,5.18
LAB0047,Felina,10.8,M,9.84,35.15,9.13,8.1,9.06,5.84,0.53,0.96,373.0,70.93,60.75,0.79,31.0,52.0,38.0,5.0,0.39,6.44,2.38,4.62,143.0,30.0,10.12,3.12,156.0,3.78
LAB0048,Canina,2.1,M,19.6,50.8,7.4,10.36,6.03,1.94,0.96,1.1,403.0,80.57,57.69,0.67,116.0,11.0,94.0,3.0,0.28,6.71,3.04,3.33,247.0,130.0,11.0,3.37,149.0,4.67
LAB0049,Canina,14.0,M,13.14,34.26,5.64,5.69,9.15,3.64,1.9,1.46,171.0,130.74,53.82,1.11,72.0,59.0,103.0,9.0,0.13,5.57,3.05,3.67,263.0,178.0,9.67,2.67,152.0,4.71
LAB0050,Canina,6.7,F,17.42,53.11,6.5,8.88,11.76,3.65,0.82,0.56,442.0,79.37,22.73,1.25,38.0,41.0,34.0,7.0,0.21,5.0,2.52,4.37,273.0,57.0,10.84,4.63,155.0,4.25
LAB0051,Felina,2.8,M,11.17,49.1,7.69,9.18,4.0,5.22,0.97,0.56,725.0,62.22,38.67,2.35,35.0,19.0,56.0,4.0,0.13,8.8,3.81,3.04,180.0,58.0,9.21,6.13,158.0,3.75
LAB0052,Canina,11.0,M,13.76,40.9,5.16,14.97,6.93,1.78,1.63,1.61,345.0,83.88,43.71,0.86,32.0,47.0,22.0,1.0,0.1,5.46,2.42,4.49,158.0,44.0,9.22,5.78,148.0,4.23
LAB0053,Felina,2.9,F,10.68,30.18,6.89,9.7,10.97,2.74,0.87,0.1,346.0,100.74,67.16,1.32,68.0,19.0,17.0,0.0,0.19,6.05,2.63,4.78,82.0,76.0,9.14,5.03,152.0,4.13
LAB0054,Felina,13.2,M,14.97,29.81,5.49,20.16,6.87,4.31,0.54,0.19,545.0,112.51,34.13,1.46,81.0,37.0,14.0,3.0,0.31,8.27,3.5,2.96,179.0,88.0,8.07,4.65,149.0,4.84
LAB0055,Canina,10.2,M,19.13,53.93,7.76,19.66,3.1,3.49,0.83,1.72,251.0,138.48,42.62,1.67,15.0,19.0,140.0,0.0,0.43,5.04,3.42,3.23,222.0,131.0,9.53,2.88,141.0,4.68
LAB0056,Canina,9.9,F,15.1,42.67,6.19,4.42,6.02,4.9,1.75,0.66,385.0,127.78,34.86,0.43,14.0,36.0,175.0,7.0,0.13,5.57,3.61,4.18,224.0,123.0,8.59,5.4,152.0,4.02
LAB0057,Felina,4.7,M,8.32,30.03,5.89,10.08,7.73,4.05,0.72,0.41,265.0,120.51,42.81,1.17,87.0,46.0,86.0,2.0,0.14,7.94,2.69,3.82,89.0,103.0,8.38,6.61,156.0,4.43
LAB0058,Felina,3.6,M,14.42,35.8,8.93,12.32,14.26,3.92,0.69,1.18,661.0,115.45,33.09,1.49,97.0,46.0,82.0,0.0,0.24,7.76,3.88,2.65,199.0,75.0,8.59,4.27,149.0,4.56
LAB0059,Felina,9.7,M,14.5,28.32,6.17,12.16,8.96,5.58,0.67,1.18,559.0,71.31,32.03,1.43,43.0,46.0,60.0,2.0,0.15,6.29,3.39,3.77,152.0,37.0,9.99,6.41,148.0,4.48
LAB0060,Felina,12.8,M,12.76,27.25,8.03,5.61,14.49,5.29,1.18,1.06,545.0,104.99,63.63,2.42,52.0,56.0,60.0,3.0,0.24,6.23,2.31,3.22,151.0,58.0,9.35,6.92,150.0,4.4
LAB0061,Felina,17.2,M,14.2,39.27,8.8,6.7,9.65,2.52,0.34,0.02,315.0,90.93,30.26,2.47,34.0,12.0,24.0,3.0,0.12,8.52,4.13,3.24,143.0,22.0,9.92,4.66,149.0,3.91
LAB0062,Canina,8.4,F,11.8,50.67,6.7,17.74,4.06,4.14,1.35,0.23,428.0,95.32,57.52,0.63,79.0,29.0,173.0,3.0,0.48,7.7,2.76,4.11,299.0,60.0,9.81,4.32,144.0,3.53
LAB0063,Canina,0.8,F,14.44,35.13,7.62,15.28,3.77,3.6,1.31,1.91,151.0,79.83,56.75,1.89,88.0,48.0,30.0,5.0,0.19,5.54,3.68,2.77,194.0,170.0,9.06,5.92,155.0,4.61
LAB0064,Canina,0.8,M,14.24,39.28,5.84,19.56,4.38,3.93,0.0,1.19,516.0,83.03,23.35,1.44,87.0,44.0,68.0,3.0,0.48,7.77,3.08,4.19,190.0,88.0,8.97,3.99,148.0,3.55
LAB0065,Canina,8.2,M,16.8,49.05,7.73,4.29,8.01,4.15,1.08,0.65,205.0,131.01,36.18,1.8,72.0,44.0,148.0,7.0,0.26,6.54,3.67,3.25,178.0,35.0,11.24,2.82,150.0,4.33
LAB0066,Felina,17.9,F,8.54,39.84,8.86,18.91,4.63,6.38,0.98,1.32,493.0,114.2,66.36,2.31,48.0,20.0,42.0,2.0,0.19,6.44,3.94,2.71,175.0,37.0,9.03,3.25,149.0,5.04
LAB0067,Canina,2.0,M,14.64,44.11,7.62,16.2,7.62,3.68,1.69,0.02,311.0,132.58,48.31,1.27,66.0,27.0,101.0,7.0,0.27,7.14,3.76,2.81,190.0,85.0,10.56,3.37,150.0,5.25
LAB0068,Canina,5.3,M,19.93,33.18,5.7,19.21,11.62,1.39,0.03,0.32,548.0,74.4,37.61,1.76,7.0,40.0,61.0,9.0,0.21,7.06,3.45,2.94,107.0,85.0,9.37,5.33,152.0,4.41
LAB0069,Canina,13.4,F,18.27,42.75,5.83,8.24,7.83,2.8,0.88,0.18,437.0,77.1,23.86,1.06,31.0,39.0,76.0,4.0,0.31,5.61,2.56,4.26,187.0,86.0,8.61,4.24,148.0,4.62
LAB0070,Felina,3.5,M,10.02,45.27,9.74,6.45,8.72,2.29,0.09,0.49,322.0,130.99,49.02,0.87,6.0,49.0,22.0,3.0,0.2,7.55,2.9,2.76,111.0,39.0,9.28,5.63,148.0,3.52
LAB0071,Felina,0.6,F,15.7,39.74,7.36,14.32,14.1,5.97,0.48,0.36,381.0,110.44,58.48,1.56,11.0,45.0,82.0,1.0,0.3,6.99,3.99,5.04,154.0,89.0,10.65,4.98,149.0,5.01
LAB0072,Canina,11.0,F,18.66,51.73,6.21,7.44,6.2,2.14,0.35,1.49,251.0,96.33,32.36,1.97,50.0,14.0,30.0,6.0,0.34,6.26,3.03,2.61,203.0,101.0,8.95,2.86,142.0,3.7
LAB0073,Felina,13.6,F,10.01,29.34,9.79,19.38,5.38,2.97,0.31,0.74,260.0,127.14,48.54,2.31,21.0,49.0,80.0,1.0,0.22,6.1,2.78,3.29,158.0,61.0,10.84,3.51,158.0,3.96
LAB0074,Felina,14.0,M,9.14,46.45,6.54,15.86,9.58,3.83,0.74,1.1,294.0,126.82,65.31,0.71,18.0,44.0,47.0,2.0,0.14,7.27,2.54,3.93,187.0,46.0,9.44,6.97,154.0,5.18
LAB0075,Felina,4.3,M,8.32,28.07,6.02,11.24,13.07,3.08,0.98,1.06,543.0,95.72,50.97,1.25,13.0,60.0,17.0,0.0,0.36,6.56,3.54,3.49,135.0,46.0,9.03,4.64,154.0,4.52
LAB0076,Canina,10.2,F,15.03,47.53,7.76,4.79,8.16,4.41,0.48,1.75,158.0,118.6,56.99,1.45,55.0,12.0,167.0,5.0,0.11,7.07,3.12,2.75,143.0,30.0,10.22,4.68,148.0,5.13
LAB0077,Felina,14.2,F,8.1,42.38,7.09,14.18,10.61,3.1,1.38,0.2,586.0,60.44,66.61,0.81,14.0,23.0,40.0,1.0,0.28,7.05,2.36,3.46,193.0,89.0,10.17,5.79,149.0,3.7
LAB0078,Felina,7.4,M,15.84,37.35,5.05,6.52,6.53,4.47,0.11,1.42,433.0,151.26,60.12,2.04,63.0,39.0,66.0,3.0,0.27,8.95,3.69,4.83,202.0,42.0,8.25,4.93,152.0,5.16
LAB0079,Canina,11.2,F,15.27,31.15,6.85,17.25,4.42,3.38,1.19,0.33,199.0,138.4,32.72,0.76,25.0,43.0,116.0,6.0,0.14,7.68,2.96,3.13,192.0,82.0,11.09,5.75,145.0,5.23
LAB0080,Felina,14.9,M,9.97,39.42,6.37,18.83,2.57,4.39,0.51,0.48,572.0,145.15,52.41,2.22,30.0,34.0,48.0,0.0,0.27,7.82,3.42,4.71,160.0,27.0,8.35,5.39,149.0,3.66
LAB0081,Felina,3.4,F,10.63,43.01,8.22,9.99,11.94,4.89,0.96,0.83,256.0,129.65,41.92,2.39,83.0,37.0,29.0,1.0,0.2,7.17,2.86,4.04,103.0,118.0,8.32,6.73,157.0,4.55
LAB0082,Canina,10.5,M,16.3,40.22,5.9,13.25,7.48,3.32,0.57,0.73,184.0,64.18,26.41,0.52,17.0,51.0,21.0,7.0,0.21,7.61,3.12,3.11,204.0,81.0,10.19,2.9,155.0,4.35
LAB0083,Felina,5.4,F,10.91,45.83,7.27,16.95,3.84,6.08,1.1,0.32,323.0,91.63,68.92,1.09,48.0,7.0,43.0,3.0,0.39,7.31,3.86,4.14,86.0,52.0,9.73,6.8,156.0,3.96
LAB0084,Felina,5.7,M,15.38,46.32,8.87,11.07,8.8,3.79,0.38,0.76,265.0,73.18,64.9,2.03,45.0,33.0,40.0,4.0,0.34,8.17,3.67,3.11,127.0,67.0,8.99,6.02,149.0,3.78
LAB0085,Canina,12.9,F,12.26,48.36,6.3,5.14,7.39,3.81,1.03,1.74,266.0,66.9,57.15,1.01,71.0,50.0,69.0,7.0,0.15,5.87,2.55,4.12,145.0,135.0,11.33,4.35,148.0,4.42
LAB0086,Canina,9.5,F,16.03,59.58,7.81,17.79,11.0,2.87,1.31,1.79,307.0,136.94,33.71,1.36,87.0,58.0,55.0,7.0,0.31,5.81,3.62,3.6,232.0,72.0,9.94,4.66,146.0,3.9
LAB0087,Canina,1.0,M,17.34,42.33,6.07,10.51,6.68,3.18,1.09,0.99,204.0,99.69,22.61,0.6,112.0,40.0,124.0,4.0,0.46,6.91,3.61,3.24,292.0,151.0,11.06,3.1,144.0,4.07
LAB0088,Canina,6.9,F,10.32,32.28,5.82,7.2,5.09,4.19,1.13,0.01,322.0,92.63,20.13,1.48,86.0,46.0,135.0,0.0,0.48,7.44,3.84,2.53,287.0,150.0,11.01,2.83,151.0,5.42
LAB0089,Canina,7.8,F,19.46,43.29,6.8,11.62,11.4,1.3,1.0,1.37,467.0,106.64,55.9,1.91,12.0,30.0,19.0,3.0,0.31,7.73,3.74,2.75,119.0,114.0,10.1,3.43,153.0,5.35
LAB0090,Felina,9.6,F,11.07,43.42,7.38,6.21,14.1,3.72,1.1,0.55,259.0,70.05,47.33,1.91,37.0,43.0,71.0,4.0,0.25,8.7,3.23,3.85,108.0,51.0,8.13,5.53,148.0,4.11
LAB0091,Canina,12.2,F,12.42,35.07,7.32,6.08,7.08,3.03,1.37,1.27,474.0,63.58,28.34,0.85,22.0,24.0,66.0,5.0,0.37,6.14,3.52,3.17,158.0,107.0,8.57,2.78,146.0,5.39
LAB0092,Felina,14.8,F,14.77,43.31,8.05,18.77,7.55,2.33,0.77,0.82,519.0,116.51,67.69,2.31,88.0,49.0,95.0,0.0,0.18,7.23,3.91,4.02,185.0,34.0,8.76,5.93,147.0,4.2
LAB0093,Felina,6.6,F,13.67,34.2,7.78,5.8,12.56,3.22,0.97,1.09,355.0,148.47,52.73,1.41,22.0,57.0,77.0,1.0,0.2,8.33,3.62,4.8,142.0,92.0,9.16,3.85,153.0,5.45
LAB0094,Felina,12.7,M,13.39,38.54,9.22,17.71,3.23,6.99,1.13,1.3,576.0,145.63,30.06,1.26,88.0,16.0,12.0,4.0,0.35,6.07,3.92,4.56,153.0,103.0,9.26,3.78,149.0,4.51
LAB0095,Canina,12.2,M,17.91,47.44,7.34,7.07,3.45,4.49,0.15,0.49,428.0,92.76,54.43,0.88,6.0,25.0,110.0,4.0,0.31,7.63,3.85,3.03,192.0,108.0,11.35,6.0,144.0,4.95
LAB0096,Felina,5.5,F,8.07,36.51,7.44,4.41,11.09,2.76,0.84,0.45,334.0,100.72,35.45,1.62,24.0,33.0,20.0,3.0,0.33,5.89,3.19,2.71,164.0,46.0,9.58,5.07,157.0,4.6
LAB0097,Canina,5.9,M,19.49,53.32,5.86,17.51,6.89,4.31,1.65,0.38,430.0,83.25,28.39,0.87,88.0,21.0,15.0,7.0,0.17,5.31,2.7,3.26,195.0,27.0,11.41,5.01,145.0,4.14
LAB0098,Felina,16.0,F,9.17,29.72,9.3,8.61,7.25,6.23,0.99,0.51,592.0,61.97,58.1,1.53,82.0,58.0,93.0,5.0,0.25,6.76,3.18,4.57,204.0,41.0,10.75,6.26,158.0,5.26
LAB0099,Canina,5.9,F,11.12,38.74,6.84,16.87,11.09,3.5,0.01,0.37,190.0,89.07,37.56,0.47,45.0,19.0,122.0,5.0,0.3,6.28,3.93,2.93,203.0,138.0,10.17,5.75,146.0,4.43
LAB0100,Canina,0.9,M,12.88,34.81,6.63,12.52,3.68,3.79,1.25,0.38,338.0,117.63,38.82,1.03,42.0,41.0,170.0,7.0,0.13,6.38,3.81,2.69,298.0,172.0,8.73,5.77,145.0,5.19
LAB0101,Felina,0.9,M,13.07,44.36,5.17,14.68,4.83,3.08,0.52,0.7,417.0,70.74,31.55,0.66,50.0,57.0,16.0,5.0,0.32,7.73,3.53,4.98,95.0,70.0,10.09,5.35,156.0,3.64
LAB0102,Canina,4.1,F,13.79,40.21,6.86,18.26,7.47,4.3,0.8,0.2,175.0,64.11,32.11,0.94,88.0,47.0,23.0,2.0,0.21,6.64,2.55,2.77,289.0,149.0,9.04,3.92,145.0,5.08
LAB0103,Felina,8.3,F,13.91,34.92,6.31,10.76,8.72,3.06,0.36,0.6,260.0,137.25,32.69,0.68,67.0,48.0,82.0,2.0,0.16,8.08,3.63,3.24,206.0,30.0,10.95,6.44,154.0,5.38
LAB0104,Canina,13.9,F,14.42,32.15,6.17,15.87,6.48,2.32,1.19,1.74,169.0,90.84,22.12,1.51,17.0,43.0,62.0,2.0,0.47,5.06,3.04,2.54,197.0,100.0,9.46,2.96,146.0,4.84
LAB0105,Felina,15.1,M,12.72,30.02,6.44,6.91,5.62,2.35,0.78,0.84,722.0,79.56,53.88,2.15,58.0,19.0,30.0,0.0,0.19,8.11,2.39,3.16,179.0,98.0,9.37,5.79,150.0,3.82
LAB0106,Canina,6.7,F,19.48,32.06,6.52,9.26,7.57,1.1,0.63,1.64,372.0,96.05,27.85,0.88,49.0,52.0,175.0,4.0,0.26,7.54,3.03,3.6,146.0,139.0,10.1,5.33,152.0,3.93
LAB0107,Felina,12.3,M,10.77,29.32,5.01,12.12,6.91,4.33,0.28,1.29,379.0,82.64,46.63,1.55,25.0,20.0,21.0,4.0,0.33,7.12,3.66,4.71,99.0,117.0,10.46,3.82,147.0,3.75
LAB0108,Felina,5.2,M,11.76,44.57,8.73,14.88,11.08,1.11,0.47,0.96,255.0,63.3,63.33,1.9,30.0,43.0,80.0,2.0,0.11,8.76,2.96,2.82,149.0,97.0,8.66,4.08,148.0,5.48
LAB0109,Felina,11.7,M,15.4,28.67,9.85,21.05,13.56,2.29,0.95,1.14,743.0,78.04,59.47,1.24,22.0,28.0,80.0,2.0,0.26,8.98,3.06,4.35,131.0,59.0,10.09,6.75,152.0,5.04
LAB0110,Felina,11.8,F,12.02,25.5,6.26,13.31,2.69,2.59,0.77,0.86,713.0,124.53,43.66,2.37,80.0,16.0,17.0,3.0,0.27,8.26,3.7,4.38,218.0,73.0,8.34,6.31,148.0,5.05
LAB0111,Felina,15.9,M,12.77,36.51,6.82,10.35,10.45,5.51,1.02,0.3,497.0,139.16,46.41,1.62,78.0,41.0,44.0,4.0,0.15,8.98,2.53,2.54,205.0,44.0,10.19,6.24,156.0,5.48
LAB0112,Felina,14.9,M,8.92,35.17,9.24,10.62,9.89,4.02,0.97,1.46,278.0,117.4,63.84,1.51,12.0,36.0,37.0,1.0,0.35,7.33,4.07,4.92,177.0,21.0,9.28,3.79,157.0,3.85
LAB0113,Felina,4.1,M,10.11,30.25,8.0,5.6,3.23,3.23,1.08,0.83,461.0,116.58,41.45,2.38,10.0,42.0,90.0,4.0,0.16,6.54,3.66,2.75,194.0,92.0,10.19,3.4,154.0,4.86
LAB0114,Felina,15.6,M,8.18,34.33,5.74,14.05,13.97,3.35,1.27,0.0,334.0,63.04,39.77,2.33,14.0,38.0,48.0,5.0,0.14,6.24,2.36,3.8,119.0,107.0,9.81,5.46,152.0,3.68
LAB0115,Felina,11.8,M,14.68,47.34,9.12,5.85,5.34,1.02,0.46,0.16,486.0,127.71,64.35,2.02,94.0,8.0,6.0,3.0,0.19,6.39,2.93,3.31,152.0,64.0,9.54,5.69,150.0,4.0
LAB0116,Felina,8.2,M,13.93,43.92,8.33,8.21,9.85,4.42,0.73,0.82,496.0,116.55,57.2,0.81,76.0,12.0,11.0,5.0,0.39,5.71,3.14,3.06,148.0,103.0,10.85,5.54,150.0,4.71
LAB0117,Felina,8.2,M,14.96,38.96,6.62,9.28,2.92,5.89,0.68,0.49,486.0,141.87,30.61,2.23,90.0,57.0,43.0,1.0,0.21,6.67,2.63,4.32,147.0,107.0,8.1,5.58,155.0,5.02
LAB0118,Canina,10.7,M,19.28,39.98,6.51,4.23,3.06,1.96,0.2,0.52,221.0,62.28,55.92,0.41,90.0,18.0,166.0,9.0,0.36,7.02,2.31,4.47,276.0,163.0,10.48,3.71,153.0,4.08
LAB0119,Felina,15.7,F,15.38,28.52,6.12,14.05,12.05,4.72,0.35,0.0,629.0,158.52,61.45,1.47,91.0,28.0,55.0,2.0,0.23,8.21,3.3,3.45,116.0,24.0,9.75,3.92,147.0,4.81
LAB0120,Felina,15.9,F,12.03,47.35,9.68,18.53,10.44,2.82,1.47,0.41,351.0,104.22,27.56,2.46,61.0,36.0,67.0,2.0,0.11,7.64,3.66,3.75,186.0,43.0,8.66,3.65,150.0,5.19
LAB0121,Felina,17.4,M,12.71,43.02,6.21,7.03,14.65,4.71,1.47,0.51,602.0,82.26,36.75,1.57,35.0,14.0,30.0,0.0,0.31,7.22,2.48,3.02,94.0,81.0,8.28,6.02,145.0,4.0
LAB0122,Canina,9.8,M,10.73,54.63,6.48,17.55,8.41,3.73,1.99,0.46,400.0,96.83,16.78,0.42,19.0,42.0,109.0,6.0,0.11,6.41,3.87,3.3,225.0,145.0,10.85,4.32,153.0,4.28
LAB0123,Felina,3.6,M,10.24,26.33,8.98,11.51,5.36,2.39,1.35,1.25,527.0,121.61,46.34,1.34,92.0,12.0,45.0,2.0,0.25,7.1,3.29,2.92,152.0,44.0,8.55,3.26,155.0,4.35
LAB0124,Felina,8.2,F,13.43,36.76,6.94,10.77,10.5,3.97,1.27,1.31,335.0,73.62,53.37,1.17,7.0,54.0,27.0,5.0,0.32,8.17,2.68,3.2,153.0,37.0,8.92,4.29,147.0,3.91
LAB0125,Canina,9.8,M,10.28,48.88,7.93,9.3,4.07,3.28,1.81,1.57,399.0,85.2,39.38,0.55,83.0,46.0,174.0,3.0,0.11,6.64,3.5,4.08,139.0,62.0,10.04,3.66,153.0,4.45
LAB0126,Felina,17.5,F,14.18,33.32,9.16,8.94,9.33,2.28,0.71,0.48,383.0,156.7,32.2,2.1,98.0,6.0,71.0,1.0,0.11,6.91,4.08,2.54,162.0,70.0,10.62,3.34,154.0,4.86
LAB0127,Canina,10.8,M,18.23,31.26,6.41,10.37,5.79,2.81,0.77,0.86,542.0,67.09,56.5,1.17,77.0,52.0,74.0,4.0,0.26,6.12,3.87,4.16,122.0,37.0,9.78,2.85,149.0,3.79
LAB0128,Canina,10.0,M,13.17,50.32,6.45,19.65,10.87,2.44,0.09,1.69,514.0,125.65,20.76,2.0,35.0,46.0,165.0,2.0,0.46,5.93,3.96,3.06,291.0,29.0,10.63,4.36,147.0,3.95
LAB0129,Canina,12.0,M,15.53,37.6,7.87,4.46,4.8,1.97,0.83,0.47,347.0,129.8,47.04,1.33,15.0,45.0,42.0,8.0,0.2,6.25,2.9,4.22,125.0,111.0,8.93,4.97,154.0,4.37
LAB0130,Felina,4.5,F,12.17,37.19,7.89,16.41,3.84,5.93,0.65,0.11,643.0,97.69,29.52,1.8,89.0,54.0,96.0,4.0,0.1,6.83,3.86,3.6,164.0,81.0,9.1,6.62,152.0,4.43
LAB0131,Canina,9.1,M,11.78,45.39,7.44,16.43,10.1,3.83,0.51,1.72,507.0,75.53,20.87,1.96,105.0,55.0,161.0,5.0,0.36,6.64,2.39,3.99,201.0,124.0,10.01,4.22,143.0,4.06
LAB0132,Felina,7.5,M,15.78,28.83,6.35,14.63,10.13,1.92,1.19,1.18,369.0,88.87,67.21,2.17,71.0,10.0,45.0,3.0,0.16,7.07,3.44,3.48,189.0,104.0,8.97,6.35,146.0,5.18
LAB0133,Felina,16.1,F,13.13,36.8,9.54,10.54,6.09,4.0,0.68,0.52,597.0,135.96,63.38,2.45,30.0,44.0,42.0,3.0,0.24,8.98,3.68,5.36,197.0,110.0,10.44,4.84,148.0,4.24
LAB0134,Canina,2.9,M,15.05,45.76,7.92,18.58,4.46,2.48,0.85,0.72,469.0,101.92,40.74,1.76,98.0,17.0,133.0,4.0,0.22,5.15,3.13,3.21,150.0,131.0,10.81,3.36,141.0,5.2
LAB0135,Felina,15.1,F,13.02,33.05,6.23,4.16,5.44,1.83,0.92,0.25,514.0,119.01,38.41,0.67,9.0,6.0,75.0,2.0,0.34,7.01,3.16,4.04,180.0,47.0,8.36,5.22,149.0,4.38
LAB0136,Canina,5.3,M,16.2,46.33,7.22,15.29,7.81,3.72,1.75,0.86,315.0,121.14,41.21,0.51,108.0,12.0,138.0,8.0,0.48,5.16,3.31,3.36,166.0,34.0,10.19,4.18,142.0,4.72
LAB0137,Felina,3.5,M,15.24,35.24,9.77,19.58,6.21,1.96,0.65,0.6,538.0,118.34,58.75,1.57,15.0,52.0,34.0,5.0,0.14,8.85,2.47,3.19,87.0,91.0,10.55,4.74,157.0,4.68
LAB0138,Felina,6.5,M,10.37,33.86,9.53,20.22,14.71,6.41,0.19,1.24,455.0,159.08,46.25,1.65,55.0,23.0,12.0,4.0,0.34,5.99,3.78,4.38,137.0,45.0,10.58,5.8,152.0,4.72
LAB0139,Felina,1.5,F,9.55,30.21,8.31,20.4,7.55,2.25,0.97,1.31,624.0,146.88,49.14,2.03,18.0,24.0,42.0,3.0,0.38,8.56,2.56,3.02,130.0,49.0,9.84,6.61,158.0,4.81
LAB0140,Felina,13.0,F,9.67,38.12,7.78,17.36,5.25,3.21,0.55,1.44,472.0,135.51,58.79,1.1,59.0,54.0,50.0,5.0,0.16,5.76,3.99,5.04,219.0,88.0,10.81,6.31,156.0,4.64
LAB0141,Canina,9.2,F,14.32,46.16,6.34,13.04,7.23,1.19,1.76,0.89,386.0,71.14,15.15,0.79,86.0,15.0,165.0,2.0,0.18,5.54,2.32,4.04,275.0,118.0,9.06,3.5,147.0,5.41
LAB0142,Canina,2.6,M,14.39,38.94,6.37,5.14,10.19,1.97,1.45,0.14,532.0,75.44,54.72,1.7,116.0,34.0,135.0,4.0,0.17,6.33,2.58,4.46,119.0,114.0,10.38,4.38,150.0,3.73
LAB0143,Canina,5.1,M,19.4,52.86,7.92,4.6,5.57,1.78,0.02,0.48,422.0,78.49,37.91,1.82,85.0,30.0,76.0,5.0,0.17,6.9,2.92,4.2,251.0,118.0,9.59,3.23,152.0,4.47
LAB0144,Canina,7.6,M,11.65,53.31,5.69,12.43,7.06,3.32,1.75,1.74,330.0,61.23,34.19,1.37,69.0,43.0,40.0,6.0,0.17,7.25,2.88,3.92,110.0,85.0,10.62,3.29,152.0,4.76
LAB0145,Canina,2.2,F,14.82,47.92,6.42,15.17,6.9,1.81,0.43,0.01,270.0,119.91,50.74,0.72,115.0,35.0,166.0,7.0,0.39,5.26,2.67,2.52,243.0,75.0,10.86,3.69,152.0,3.76
LAB0146,Canina,3.3,F,14.08,40.46,7.29,5.55,6.16,4.35,0.13,1.88,545.0,67.09,28.11,1.0,94.0,40.0,121.0,8.0,0.15,7.5,3.5,3.65,278.0,132.0,9.11,4.0,147.0,3.61
LAB0147,Felina,2.4,M,13.58,37.66,5.13,20.65,13.15,4.15,0.34,0.18,432.0,85.54,47.8,2.44,60.0,54.0,67.0,2.0,0.36,7.15,3.95,3.37,98.0,106.0,9.76,6.56,157.0,3.61
LAB0148,Felina,9.1,F,13.01,44.84,6.4,14.02,11.36,1.81,1.22,0.91,725.0,93.95,29.87,1.56,13.0,58.0,9.0,4.0,0.26,6.79,2.43,4.37,162.0,48.0,10.73,4.22,151.0,4.59
LAB0149,Felina,17.3,M,11.0,27.02,6.94,14.8,8.92,5.17,0.08,0.43,660.0,67.99,63.5,0.77,84.0,25.0,63.0,1.0,0.12,6.26,2.54,3.44,152.0,79.0,10.37,5.62,153.0,4.32
LAB0150,Felina,11.8,M,14.74,30.75,5.03,15.72,5.03,6.34,1.29,0.12,303.0,109.52,52.42,1.12,73.0,38.0,36.0,0.0,0.33,6.25,3.89,3.76,161.0,107.0,10.59,4.49,148.0,5.05
LAB0151,Felina,17.5,F,15.24,29.95,5.13,4.37,10.28,4.97,0.47,0.48,420.0,128.02,27.62,2.37,26.0,60.0,21.0,4.0,0.17,5.78,3.96,5.08,136.0,90.0,9.67,6.41,149.0,4.55
LAB0152,Felina,16.2,M,15.13,29.15,5.75,14.38,10.72,2.17,0.59,1.42,373.0,126.84,58.31,1.45,94.0,46.0,49.0,3.0,0.31,7.57,3.97,3.57,122.0,41.0,8.11,3.17,156.0,4.86
LAB0153,Canina,1.5,F,18.49,44.41,7.61,9.75,11.34,3.79,0.51,1.13,363.0,71.03,41.61,0.9,11.0,57.0,121.0,9.0,0.37,6.07,3.17,3.85,292.0,61.0,11.12,5.73,150.0,5.36
LAB0154,Felina,1.0,M,13.62,26.05,9.53,12.72,8.25,4.4,0.22,0.7,666.0,61.55,37.28,0.6,44.0,45.0,81.0,5.0,0.28,6.39,4.06,4.83,160.0,90.0,10.77,5.85,150.0,4.93
LAB0155,Felina,9.1,F,11.25,29.17,5.12,6.4,10.68,5.81,1.48,0.52,550.0,153.71,32.52,1.96,77.0,10.0,87.0,4.0,0.11,5.82,2.39,3.5,151.0,73.0,8.8,6.65,150.0,3.59
LAB0156,Felina,14.4,F,11.27,31.85,5.66,18.74,14.95,2.98,0.57,0.93,609.0,99.2,65.72,1.66,48.0,41.0,96.0,4.0,0.11,6.66,3.19,3.44,178.0,103.0,10.19,6.96,149.0,5.25
LAB0157,Felina,6.7,M,13.87,27.6,8.95,13.58,6.15,4.93,0.96,0.31,265.0,103.36,50.63,2.27,93.0,34.0,77.0,2.0,0.32,6.22,3.01,4.4,83.0,92.0,10.51,4.6,151.0,5.2
LAB0158,Felina,15.7,M,10.59,41.97,7.82,6.92,6.37,6.4,1.03,1.48,634.0,154.2,34.73,2.07,7.0,42.0,50.0,2.0,0.36,8.49,2.34,4.33,131.0,62.0,10.5,4.24,157.0,3.86
LAB0159,Canina,14.4,F,12.52,39.74,7.5,16.19,5.96,3.14,0.12,0.42,344.0,66.88,52.95,1.55,114.0,45.0,170.0,6.0,0.34,7.93,3.39,2.56,245.0,165.0,10.89,4.54,150.0,5.48
LAB0160,Canina,8.3,F,12.83,49.2,6.82,6.46,4.86,3.49,0.26,0.53,484.0,86.17,36.96,1.91,31.0,29.0,115.0,8.0,0.46,7.75,3.62,2.96,105.0,81.0,8.92,4.99,150.0,3.59
LAB0161,Canina,4.8,M,14.32,50.04,6.29,11.06,3.59,2.61,1.53,1.83,315.0,93.89,46.62,1.91,36.0,32.0,146.0,6.0,0.14,6.88,2.62,3.52,206.0,160.0,9.89,3.48,143.0,5.25
LAB0162,Felina,6.5,F,9.5,44.33,7.37,10.32,7.01,6.11,0.83,1.08,699.0,150.17,39.78,2.41,7.0,26.0,90.0,1.0,0.18,6.56,3.46,3.81,182.0,109.0,10.02,3.82,157.0,4.03
LAB0163,Canina,11.5,F,15.63,33.41,5.42,8.8,5.53,3.42,1.63,1.52,255.0,79.62,58.46,0.41,106.0,20.0,171.0,3.0,0.28,7.12,3.3,3.14,211.0,137.0,8.63,2.54,147.0,3.76
LAB0164,Canina,6.4,F,14.33,35.93,6.65,5.86,3.21,1.2,1.91,0.28,433.0,65.43,19.87,1.21,58.0,58.0,171.0,8.0,0.34,6.36,2.91,4.39,221.0,113.0,9.2,2.66,154.0,4.13
LAB0165,Canina,2.7,M,18.37,30.83,7.5,6.24,10.98,3.92,0.33,1.13,275.0,74.26,53.66,1.05,51.0,18.0,78.0,9.0,0.25,7.85,3.91,2.79,135.0,158.0,9.68,2.52,144.0,4.7
LAB0166,Felina,0.8,M,8.88,48.05,8.76,14.62,12.11,3.57,1.14,0.56,372.0,132.9,43.89,2.46,38.0,56.0,94.0,1.0,0.34,7.02,4.04,3.85,184.0,67.0,8.68,3.8,151.0,5.01
LAB0167,Felina,0.8,F,10.26,37.04,5.22,18.72,14.87,3.44,0.02,0.25,576.0,121.21,60.45,1.08,78.0,43.0,36.0,3.0,0.14,7.08,3.97,3.76,198.0,79.0,8.58,5.32,152.0,4.3
LAB0168,Felina,14.4,F,8.58,27.47,7.08,9.5,14.07,3.25,1.14,0.8,602.0,86.01,67.39,1.61,84.0,25.0,15.0,3.0,0.1,7.16,2.67,4.38,217.0,66.0,10.45,5.03,151.0,5.36
LAB0169,Felina,16.3,F,10.37,38.63,6.12,11.99,8.55,5.99,1.34,0.62,259.0,146.18,32.84,1.78,7.0,27.0,99.0,1.0,0.23,6.58,4.02,5.11,113.0,28.0,9.88,4.35,154.0,3.56
LAB0170,Canina,4.3,F,12.12,55.73,5.18,7.45,11.99,2.73,1.41,0.37,394.0,118.09,29.15,1.73,74.0,29.0,107.0,6.0,0.17,6.21,2.88,3.3,252.0,97.0,11.32,3.53,146.0,5.07
LAB0171,Felina,6.6,F,8.43,34.96,6.35,21.99,6.35,6.31,1.01,0.51,522.0,144.05,64.75,0.9,37.0,23.0,9.0,3.0,0.36,6.84,3.71,4.38,133.0,34.0,10.13,6.42,154.0,3.54
LAB0172,Felina,14.6,F,12.56,43.91,5.55,19.09,9.44,5.14,1.46,0.13,701.0,72.61,42.68,2.22,91.0,33.0,61.0,4.0,0.35,5.93,3.84,3.94,143.0,62.0,9.53,6.78,152.0,5.41
LAB0173,Felina,13.0,M,14.5,41.98,8.03,14.17,13.26,5.93,0.18,1.27,457.0,85.37,64.14,1.42,82.0,19.0,5.0,2.0,0.13,8.14,2.82,3.83,92.0,49.0,10.34,3.61,153.0,5.33
LAB0174,Felina,5.8,M,8.87,31.27,9.47,16.87,10.49,4.98,0.62,0.07,642.0,127.87,46.28,2.31,37.0,21.0,88.0,4.0,0.25,5.96,2.71,4.47,134.0,104.0,10.85,6.22,150.0,5.08
LAB0175,Canina,14.1,M,10.33,41.57,7.71,7.82,4.86,4.88,0.05,1.57,279.0,63.0,56.3,0.62,68.0,24.0,26.0,0.0,0.15,5.21,3.59,3.47,169.0,87.0,11.29,5.69,151.0,5.27
LAB0176,Canina,0.8,M,16.14,48.71,6.45,10.41,11.88,4.28,0.87,1.45,258.0,68.01,30.86,1.04,7.0,51.0,74.0,6.0,0.13,5.52,3.81,3.72,290.0,180.0,9.62,3.55,153.0,5.5
LAB0177,Canina,13.8,F,17.82,40.66,6.72,17.33,9.19,1.08,0.67,0.29,243.0,132.44,16.66,0.75,41.0,41.0,103.0,2.0,0.17,5.71,3.15,3.04,290.0,94.0,8.68,5.05,145.0,4.81
LAB0178,Canina,3.0,M,17.72,57.84,5.78,9.36,7.18,4.71,1.8,0.18,203.0,99.64,19.8,0.95,22.0,42.0,172.0,10.0,0.25,6.8,3.76,2.73,238.0,85.0,9.12,3.91,141.0,4.89
LAB0179,Canina,11.6,F,11.21,55.94,6.48,13.15,8.12,2.64,0.39,1.49,201.0,68.31,46.96,0.73,40.0,34.0,89.0,7.0,0.35,6.93,3.51,3.09,164.0,90.0,9.42,5.95,152.0,3.83
LAB0180,Felina,16.1,M,9.95,27.86,7.67,19.44,11.71,2.29,0.6,0.76,655.0,143.91,65.94,1.57,71.0,11.0,59.0,1.0,0.23,7.72,2.79,2.66,81.0,22.0,8.03,3.44,148.0,3.94
LAB0181,Felina,15.7,F,9.02,38.64,9.29,16.21,6.2,4.37,1.07,1.09,583.0,147.08,64.15,1.7,46.0,40.0,83.0,0.0,0.4,6.14,3.19,5.12,112.0,68.0,8.4,4.58,147.0,4.23
LAB0182,Canina,10.2,M,19.95,33.44,7.18,4.83,3.27,1.42,1.93,1.88,228.0,72.93,25.82,1.22,71.0,21.0,140.0,3.0,0.47,6.97,3.04,4.08,264.0,66.0,9.52,5.78,142.0,3.58
LAB0183,Felina,14.3,F,14.17,47.99,7.67,5.8,9.86,5.67,0.14,0.26,256.0,119.37,64.9,1.87,98.0,8.0,91.0,4.0,0.19,8.91,2.85,5.17,203.0,96.0,9.69,3.48,152.0,4.21
LAB0184,Felina,5.3,M,15.28,25.37,9.05,20.89,12.37,1.78,0.12,0.03,564.0,122.97,69.41,1.36,37.0,39.0,83.0,5.0,0.34,6.99,3.51,5.07,149.0,42.0,8.51,3.0,154.0,3.72
LAB0185,Canina,14.4,M,15.6,41.94,7.02,4.89,4.12,3.0,0.67,0.59,177.0,131.66,46.13,0.59,12.0,59.0,127.0,4.0,0.38,7.27,3.63,3.46,186.0,22.0,11.28,4.61,143.0,5.34
LAB0186,Felina,2.8,M,14.99,49.94,6.22,19.16,12.79,2.39,0.15,1.47,398.0,147.09,25.19,0.64,49.0,18.0,71.0,3.0,0.12,6.07,3.04,3.06,191.0,62.0,8.28,4.94,146.0,3.76
LAB0187,Canina,4.3,F,19.25,54.79,6.0,8.36,7.94,3.89,1.99,0.26,170.0,115.55,52.45,1.75,83.0,58.0,99.0,9.0,0.49,7.54,2.83,2.89,210.0,92.0,11.13,2.85,144.0,5.0
LAB0188,Canina,10.3,M,13.87,48.68,5.47,17.77,7.03,4.67,0.94,0.55,207.0,60.3,38.95,0.57,50.0,39.0,60.0,2.0,0.41,7.84,2.47,2.81,292.0,26.0,11.43,2.52,153.0,4.11
LAB0189,Felina,1.7,F,13.23,27.0,6.21,17.93,9.11,6.57,0.64,1.3,474.0,157.92,68.19,1.23,89.0,52.0,25.0,3.0,0.12,8.43,2.63,2.71,136.0,78.0,10.56,6.9,151.0,3.62
LAB0190,Felina,1.0,M,11.58,32.73,7.51,10.1,11.96,4.26,1.32,0.82,369.0,145.11,50.07,0.99,64.0,25.0,85.0,2.0,0.32,5.83,3.05,5.45,193.0,36.0,8.83,4.32,153.0,5.01
LAB0191,Canina,7.9,F,18.11,43.11,5.37,13.03,11.57,4.17,1.16,1.29,522.0,94.27,29.91,1.96,104.0,26.0,92.0,4.0,0.16,7.87,2.99,4.25,138.0,108.0,8.57,5.17,149.0,4.75
LAB0192,Canina,5.5,F,10.74,38.67,6.88,13.06,8.51,3.2,0.55,0.49,205.0,127.93,42.74,0.7,25.0,54.0,138.0,7.0,0.26,5.79,3.97,4.09,160.0,156.0,10.78,3.54,146.0,3.87
LAB0193,Felina,14.0,F,10.14,45.5,9.98,5.38,8.41,5.81,1.18,1.14,424.0,105.39,51.77,2.45,36.0,56.0,31.0,5.0,0.3,7.12,3.47,3.32,118.0,31.0,8.34,4.39,155.0,4.72
LAB0194,Canina,9.4,M,16.01,58.83,7.01,6.8,7.26,3.59,0.06,0.03,202.0,80.13,34.33,1.18,21.0,44.0,113.0,3.0,0.11,5.23,2.97,2.81,175.0,121.0,10.14,3.31,145.0,4.73
LAB0195,Felina,0.5,F,12.43,34.06,6.83,19.83,2.99,6.93,1.0,1.02,269.0,120.55,46.82,0.8,31.0,54.0,57.0,2.0,0.12,8.0,3.64,4.34,151.0,63.0,9.78,3.93,157.0,4.68
LAB0196,Felina,15.4,F,14.45,29.04,6.46,16.23,6.44,5.76,0.2,1.14,284.0,61.26,65.42,1.7,38.0,18.0,64.0,3.0,0.4,8.94,3.51,3.83,149.0,88.0,8.3,4.31,146.0,3.65
LAB0197,Felina,2.3,F,14.28,37.14,6.68,5.48,9.38,2.63,0.92,1.47,306.0,81.21,46.29,2.44,78.0,54.0,37.0,5.0,0.13,5.69,3.93,5.28,93.0,31.0,8.1,3.42,148.0,5.44
LAB0198,Canina,9.9,M,17.76,46.05,7.39,13.53,5.83,3.24,1.07,1.65,543.0,92.88,49.35,0.56,94.0,29.0,21.0,4.0,0.34,5.36,3.87,2.66,286.0,133.0,9.49,3.87,151.0,4.7
LAB0199,Canina,14.2,F,14.88,59.7,5.64,10.69,5.63,4.06,1.53,0.58,183.0,60.91,34.24,1.06,119.0,33.0,57.0,9.0,0.3,6.8,2.46,3.27,289.0,114.0,9.53,4.69,154.0,4.05
LAB0200,Felina,6.2,F,9.38,42.99,8.07,16.23,6.89,2.88,1.03,0.32,460.0,78.82,25.37,2.44,46.0,58.0,18.0,3.0,0.16,8.27,3.79,2.84,208.0,39.0,9.84,6.94,156.0,5.41
LAB0201,Canina,10.5,M,11.88,45.01,7.38,6.4,8.94,2.29,0.68,1.32,337.0,124.96,22.02,1.66,12.0,20.0,123.0,9.0,0.2,5.98,3.21,2.92,262.0,144.0,8.94,4.12,152.0,4.17
LAB0202,Felina,6.2,M,12.87,28.82,9.15,10.4,6.02,6.05,0.08,0.59,435.0,88.48,66.03,2.03,11.0,44.0,55.0,5.0,0.19,7.51,3.25,3.97,144.0,41.0,10.27,4.81,157.0,4.02
LAB0203,Felina,17.3,M,13.31,46.78,9.14,10.48,10.0,1.94,0.8,0.35,622.0,112.81,43.51,1.11,100.0,9.0,9.0,1.0,0.39,8.93,3.54,5.14,110.0,117.0,8.43,3.4,146.0,4.65
LAB0204,Canina,10.5,M,19.78,43.03,5.45,11.46,9.11,4.33,0.92,1.19,257.0,111.67,59.37,0.48,107.0,38.0,57.0,10.0,0.29,6.0,2.61,2.99,267.0,118.0,11.24,3.31,142.0,3.51
LAB0205,Canina,12.5,M,16.95,39.25,7.63,16.51,3.14,4.27,0.6,0.3,241.0,97.49,34.12,0.86,25.0,48.0,178.0,8.0,0.22,5.73,2.67,2.77,210.0,117.0,10.62,4.88,144.0,4.16
LAB0206,Canina,8.4,M,12.13,41.23,5.82,5.41,10.47,4.41,0.44,0.13,446.0,76.92,32.7,0.5,31.0,50.0,148.0,2.0,0.23,5.4,2.43,4.48,231.0,107.0,10.8,5.44,152.0,3.53
LAB0207,Felina,12.2,F,11.01,49.56,8.33,21.22,5.02,6.18,0.48,1.48,329.0,111.63,60.68,1.42,49.0,59.0,45.0,3.0,0.12,8.45,3.53,3.71,82.0,79.0,8.04,3.0,153.0,3.88
LAB0208,Felina,17.2,M,8.43,32.84,5.75,14.44,10.77,5.33,0.38,0.13,289.0,102.62,67.56,1.01,29.0,11.0,63.0,3.0,0.29,8.51,3.22,2.9,121.0,86.0,9.84,5.12,154.0,4.77
LAB0209,Canina,4.8,M,17.79,37.46,7.03,18.44,6.47,4.12,1.45,0.12,383.0,70.42,58.53,1.7,18.0,16.0,113.0,3.0,0.11,6.62,2.96,2.7,260.0,166.0,10.77,5.38,143.0,4.03
LAB0210,Felina,12.5,M,15.58,42.92,9.41,15.5,7.35,3.55,0.11,0.05,598.0,103.84,49.85,1.66,31.0,31.0,50.0,2.0,0.35,7.08,3.45,5.19,201.0,109.0,8.81,3.14,148.0,4.06
LAB0211,Felina,17.8,F,8.65,28.38,5.78,15.35,11.69,6.16,1.41,0.3,405.0,84.03,41.14,2.34,60.0,46.0,52.0,0.0,0.12,7.38,3.67,3.15,181.0,101.0,9.24,5.99,150.0,4.86
LAB0212,Felina,3.3,F,10.76,35.28,5.83,7.67,11.17,6.5,0.59,0.27,393.0,105.51,38.08,1.04,75.0,5.0,56.0,4.0,0.18,7.61,3.57,4.47,142.0,55.0,10.51,6.03,149.0,3.71
LAB0213,Canina,9.2,M,15.83,31.55,6.01,16.05,5.65,4.05,1.49,0.49,442.0,119.82,32.89,0.74,65.0,56.0,121.0,2.0,0.37,6.28,3.31,3.97,203.0,150.0,10.67,4.65,142.0,5.17
LAB0214,Felina,5.5,M,11.91,31.47,8.77,16.99,4.26,6.26,0.27,1.2,478.0,92.83,32.12,0.92,68.0,35.0,17.0,1.0,0.12,8.1,3.65,2.68,158.0,28.0,10.71,6.63,154.0,5.35
LAB0215,Canina,2.3,M,15.7,39.18,5.65,9.24,8.66,1.69,0.52,0.94,243.0,107.09,56.54,1.6,82.0,39.0,96.0,2.0,0.46,5.75,2.46,4.0,135.0,80.0,8.58,2.98,143.0,3.61
LAB0216,Canina,12.0,M,13.73,56.24,5.64,9.21,4.36,3.48,0.84,1.23,455.0,103.66,43.24,1.9,39.0,28.0,133.0,6.0,0.17,6.13,3.1,3.34,136.0,168.0,10.79,4.18,150.0,5.29
LAB0217,Felina,0.5,M,12.34,44.98,5.18,21.71,8.19,3.16,0.44,0.26,646.0,155.54,43.61,2.41,83.0,31.0,69.0,2.0,0.27,5.7,3.62,2.66,194.0,102.0,8.71,4.29,151.0,4.69
LAB0218,Felina,11.2,M,10.38,26.39,5.01,5.82,12.4,6.77,0.64,0.77,323.0,115.1,31.51,1.76,94.0,16.0,78.0,0.0,0.21,5.89,2.97,3.02,132.0,62.0,8.9,5.63,157.0,4.3
LAB0219,Canina,7.1,F,18.54,47.15,6.37,6.39,7.05,2.11,1.89,1.77,184.0,101.33,25.13,1.06,106.0,36.0,70.0,2.0,0.42,6.87,3.1,2.93,167.0,174.0,10.06,3.9,148.0,5.06
LAB0220,Canina,11.1,M,15.85,49.96,7.14,18.11,6.34,1.3,1.92,0.87,399.0,113.3,39.59,0.73,92.0,50.0,106.0,5.0,0.15,5.25,2.88,3.12,291.0,145.0,10.48,4.31,143.0,5.46
LAB0221,Felina,7.9,F,11.95,46.85,9.44,4.2,13.58,2.63,0.06,1.27,682.0,119.62,50.85,2.14,80.0,54.0,58.0,5.0,0.4,5.91,3.91,4.0,134.0,81.0,8.17,5.03,156.0,3.93
LAB0222,Felina,16.6,F,11.43,33.96,7.2,13.35,10.4,5.8,0.68,1.23,517.0,93.85,54.61,1.96,58.0,8.0,21.0,1.0,0.18,7.86,2.33,4.77,117.0,51.0,9.58,3.86,156.0,3.67
LAB0223,Felina,1.0,F,12.93,32.31,7.1,16.72,14.67,6.36,0.51,1.5,252.0,62.76,62.07,0.98,11.0,18.0,45.0,4.0,0.29,6.33,3.26,5.28,194.0,52.0,10.95,5.83,146.0,3.57
LAB0224,Canina,4.8,M,11.84,45.34,5.28,18.73,6.1,4.63,1.89,0.01,336.0,61.97,55.89,1.23,14.0,16.0,78.0,9.0,0.38,7.6,2.92,2.59,295.0,23.0,11.34,3.79,140.0,4.88
LAB0225,Felina,14.8,M,9.29,29.53,7.83,15.47,11.74,2.09,1.44,0.96,674.0,114.01,43.64,2.46,60.0,53.0,96.0,3.0,0.26,5.51,2.38,3.1,106.0,45.0,8.91,4.44,150.0,3.7
LAB0226,Canina,4.3,M,15.37,43.32,6.9,17.24,6.85,3.56,1.91,1.68,320.0,111.58,22.97,1.3,118.0,36.0,168.0,4.0,0.5,6.74,2.37,3.67,155.0,25.0,10.96,3.47,152.0,4.08
LAB0227,Felina,12.9,M,10.89,40.03,8.05,14.09,13.93,5.05,0.61,1.29,341.0,114.42,67.77,1.79,83.0,41.0,85.0,5.0,0.18,6.09,3.22,4.61,112.0,20.0,9.03,6.88,154.0,4.3
LAB0228,Felina,4.9,F,9.36,27.66,9.53,21.96,4.55,1.33,0.49,0.69,352.0,90.14,34.04,2.07,73.0,40.0,42.0,5.0,0.39,6.11,2.72,4.08,93.0,64.0,9.75,5.09,149.0,4.58
LAB0229,Felina,12.5,M,13.24,26.08,5.33,13.93,3.81,1.13,0.26,0.85,602.0,80.25,55.07,0.95,63.0,28.0,67.0,5.0,0.38,5.51,3.98,2.7,213.0,48.0,9.15,3.37,146.0,4.95
LAB0230,Felina,3.3,F,13.73,44.05,6.31,4.81,2.52,3.1,0.36,0.09,340.0,72.45,66.17,0.87,56.0,38.0,57.0,0.0,0.2,5.68,3.05,3.07,159.0,89.0,9.6,4.74,150.0,5.18
LAB0231,Felina,5.6,F,14.06,35.48,6.49,12.47,3.67,1.28,0.17,0.28,502.0,144.91,35.6,2.38,96.0,58.0,85.0,2.0,0.12,7.49,3.36,5.05,219.0,71.0,9.04,3.74,145.0,4.52
LAB0232,Felina,5.9,M,12.04,47.91,8.14,19.13,4.35,6.13,1.01,0.26,345.0,152.65,26.45,1.48,35.0,42.0,85.0,2.0,0.23,8.94,3.79,5.19,141.0,43.0,9.24,5.86,146.0,4.04
LAB0233,Felina,11.1,F,14.62,25.62,8.38,20.78,5.46,5.16,1.46,1.44,367.0,70.03,31.67,1.93,74.0,42.0,37.0,1.0,0.27,7.19,3.68,3.82,127.0,49.0,8.63,4.06,146.0,4.19
LAB0234,Felina,2.8,M,13.97,33.14,8.34,16.9,9.76,6.75,0.03,1.11,729.0,146.23,32.56,1.22,21.0,38.0,73.0,2.0,0.26,7.92,3.1,5.06,188.0,26.0,9.86,3.94,152.0,5.41
LAB0235,Felina,0.9,M,10.33,30.86,7.66,6.06,9.37,1.01,0.49,0.33,736.0,132.72,40.73,0.78,54.0,17.0,56.0,4.0,0.28,7.72,3.33,5.28,210.0,71.0,8.92,4.84,147.0,4.77
LAB0236,Felina,2.2,M,9.58,36.99,9.44,14.2,11.02,3.03,0.86,0.67,580.0,65.06,47.2,1.16,36.0,58.0,22.0,2.0,0.25,8.52,3.09,4.73,200.0,51.0,9.18,4.43,156.0,3.59
LAB0237,Canina,12.2,F,15.65,43.09,6.62,7.16,6.88,3.01,1.8,0.52,497.0,111.54,15.92,1.56,9.0,60.0,159.0,3.0,0.2,6.14,2.91,3.24,164.0,119.0,8.99,5.46,152.0,4.45
LAB0238,Canina,8.3,F,10.18,48.58,6.37,13.07,11.09,4.88,1.27,1.53,184.0,72.86,47.99,1.09,56.0,25.0,115.0,2.0,0.35,5.52,2.41,3.16,146.0,162.0,8.66,3.12,148.0,4.46
LAB0239,Canina,11.1,F,19.88,49.77,6.1,11.53,5.4,2.38,1.3,1.77,224.0,127.23,20.47,0.74,9.0,17.0,166.0,5.0,0.13,7.88,3.79,4.01,287.0,55.0,11.01,4.91,153.0,5.09
LAB0240,Canina,2.6,F,12.62,39.86,5.32,18.96,5.62,3.08,0.78,1.92,284.0,122.28,53.49,1.1,48.0,47.0,166.0,8.0,0.19,7.66,2.96,3.65,266.0,50.0,10.85,4.59,153.0,3.84
LAB0241,Canina,1.5,F,10.19,33.37,7.97,8.49,11.78,1.73,0.72,1.51,413.0,106.49,38.85,1.75,32.0,32.0,41.0,6.0,0.2,6.0,3.1,2.55,118.0,130.0,9.79,5.53,150.0,3.52
LAB0242,Felina,15.6,M,14.25,49.79,7.66,16.29,5.47,3.63,1.28,0.25,383.0,104.54,57.05,1.31,93.0,10.0,40.0,4.0,0.17,7.8,2.61,2.67,97.0,113.0,9.66,6.19,149.0,4.69
LAB0243,Felina,15.5,M,13.98,43.26,5.23,13.89,8.34,6.57,0.39,0.4,456.0,84.34,30.81,2.23,58.0,52.0,84.0,1.0,0.26,5.79,4.04,3.71,135.0,50.0,9.38,4.01,150.0,5.1
LAB0244,Felina,5.1,F,11.75,46.85,5.26,20.0,5.24,5.07,0.87,0.83,680.0,70.16,40.62,1.62,82.0,17.0,81.0,2.0,0.16,8.16,2.47,4.04,89.0,56.0,9.8,5.22,150.0,4.36
LAB0245,Felina,4.5,F,15.63,46.26,5.73,4.54,14.17,4.16,0.81,1.17,407.0,108.19,68.59,1.88,20.0,12.0,24.0,4.0,0.19,5.57,4.09,3.01,81.0,44.0,8.71,4.69,157.0,5.26
LAB0246,Canina,2.0,F,15.55,37.3,5.16,19.03,4.68,1.79,0.94,0.98,157.0,71.84,32.02,1.49,31.0,31.0,107.0,9.0,0.23,5.4,3.13,3.99,122.0,88.0,8.55,2.62,147.0,4.1
LAB0247,Felina,10.8,F,11.63,35.2,7.49,4.73,13.66,6.99,0.27,0.18,322.0,126.1,54.76,2.21,76.0,30.0,63.0,3.0,0.25,7.16,3.53,4.17,170.0,81.0,10.16,5.57,152.0,4.86
LAB0248,Felina,3.0,M,8.01,39.0,7.95,21.5,7.02,3.36,0.3,0.11,636.0,84.97,52.4,1.91,50.0,53.0,47.0,1.0,0.37,8.52,2.61,2.58,93.0,49.0,10.92,5.23,150.0,5.28
LAB0249,Canina,13.3,F,19.41,55.49,7.53,12.2,10.1,1.72,1.15,1.97,266.0,123.55,37.07,0.46,93.0,18.0,119.0,1.0,0.48,5.88,2.68,2.76,289.0,134.0,10.72,4.25,147.0,3.72
LAB0250,Canina,13.4,F,19.77,53.9,6.24,6.42,10.07,1.49,0.38,0.42,373.0,122.96,29.14,0.54,58.0,47.0,52.0,2.0,0.48,7.86,3.98,4.12,138.0,54.0,9.52,3.61,154.0,5.08
LAB0251,Felina,2.9,F,15.28,45.7,5.82,19.68,5.9,1.49,0.99,0.98,297.0,91.89,69.68,1.89,74.0,17.0,12.0,1.0,0.17,6.32,2.67,4.22,126.0,102.0,8.55,4.86,145.0,4.46
LAB0252,Canina,2.6,M,17.91,44.7,5.26,13.48,9.83,1.76,1.14,1.63,457.0,124.24,54.57,1.9,52.0,38.0,145.0,7.0,0.5,5.04,2.9,3.06,152.0,56.0,10.63,2.8,151.0,4.89
LAB0253,Felina,15.2,M,13.03,44.05,9.38,19.34,14.56,4.49,1.36,1.21,697.0,61.16,68.47,1.5,81.0,12.0,43.0,1.0,0.19,5.93,3.83,2.53,124.0,37.0,9.77,4.02,148.0,4.48
LAB0254,Canina,14.3,F,11.76,37.42,7.92,10.35,8.39,1.97,0.98,0.15,164.0,97.5,32.94,0.62,84.0,60.0,80.0,6.0,0.49,7.49,3.09,3.97,126.0,102.0,9.34,3.06,146.0,3.76
LAB0255,Felina,2.7,F,12.25,28.66,5.7,14.5,14.81,1.58,0.43,1.3,286.0,147.59,48.59,1.38,34.0,21.0,34.0,4.0,0.32,7.84,3.82,3.27,167.0,66.0,10.35,4.24,153.0,5.26
LAB0256,Canina,3.8,F,15.16,40.38,7.02,19.22,7.37,2.86,1.31,0.21,251.0,133.52,45.15,0.42,29.0,44.0,141.0,8.0,0.22,7.79,3.24,3.89,219.0,40.0,11.39,2.93,144.0,5.13
LAB0257,Canina,10.9,M,15.16,41.31,7.77,4.58,10.71,1.92,1.7,0.28,382.0,131.05,36.31,1.59,98.0,47.0,168.0,4.0,0.17,5.14,2.72,2.79,212.0,50.0,8.62,2.63,152.0,4.68
LAB0258,Felina,11.9,M,8.56,49.51,8.08,7.3,10.99,5.58,0.64,1.29,325.0,87.88,29.21,1.0,28.0,55.0,12.0,2.0,0.26,8.65,4.2,4.76,216.0,99.0,10.89,5.83,146.0,4.3
LAB0259,Canina,5.8,F,12.73,47.32,7.8,4.56,9.92,3.89,1.93,1.86,455.0,101.63,24.19,1.27,93.0,55.0,145.0,2.0,0.34,6.0,2.32,2.9,123.0,155.0,9.28,3.5,154.0,4.26
LAB0260,Canina,12.7,F,11.19,33.08,5.23,13.49,4.7,2.44,1.72,0.85,516.0,99.84,32.95,1.6,13.0,14.0,123.0,5.0,0.42,7.75,2.96,3.69,200.0,177.0,10.99,5.69,144.0,5.05
LAB0261,Felina,2.3,M,15.55,25.48,9.83,6.69,12.74,2.66,0.53,0.33,543.0,94.81,54.58,0.63,11.0,10.0,45.0,4.0,0.37,6.36,3.39,4.81,120.0,61.0,9.57,3.54,145.0,3.81
LAB0262,Canina,12.6,M,11.9,40.14,5.23,7.07,11.2,1.08,1.31,0.77,419.0,107.1,25.06,1.76,62.0,51.0,82.0,10.0,0.41,7.9,3.17,3.45,251.0,161.0,11.39,3.64,152.0,3.92
LAB0263,Felina,5.3,M,10.78,48.28,5.73,15.38,9.91,1.72,0.49,0.84,344.0,140.06,68.75,1.01,23.0,30.0,76.0,1.0,0.11,7.39,4.12,3.67,139.0,117.0,10.08,5.88,152.0,5.45
LAB0264,Canina,6.8,F,16.99,52.05,5.87,8.86,10.05,2.19,1.13,0.5,477.0,68.84,52.33,1.36,26.0,37.0,62.0,3.0,0.24,5.19,3.98,2.56,232.0,79.0,10.44,3.75,150.0,4.96
LAB0265,Felina,8.5,M,13.26,32.0,5.14,11.47,7.92,3.8,1.06,0.46,408.0,66.06,55.91,1.68,38.0,44.0,56.0,2.0,0.25,7.73,3.55,3.37,100.0,36.0,9.92,6.49,150.0,3.84
LAB0266,Felina,6.1,M,15.04,40.17,9.3,4.28,3.84,1.56,1.07,0.1,498.0,107.27,38.98,2.25,21.0,24.0,79.0,0.0,0.3,8.36,4.07,5.13,125.0,79.0,8.23,4.03,146.0,4.13
LAB0267,Felina,6.9,F,12.5,35.83,7.29,21.45,6.2,4.76,0.63,0.09,495.0,141.33,29.44,0.73,20.0,47.0,74.0,3.0,0.24,8.61,3.76,4.94,194.0,84.0,9.37,6.46,157.0,3.55
LAB0268,Canina,14.4,F,12.77,56.2,6.17,5.91,3.72,1.63,0.5,0.98,431.0,138.91,34.87,1.23,65.0,37.0,100.0,0.0,0.1,5.29,2.47,3.91,141.0,163.0,11.29,5.92,154.0,4.04
LAB0269,Felina,16.0,M,14.45,47.21,9.26,11.8,11.98,1.59,0.06,1.13,463.0,159.55,29.38,2.23,51.0,50.0,83.0,5.0,0.19,8.82,2.59,2.75,140.0,103.0,9.42,6.32,154.0,3.92
LAB0270,Canina,12.6,M,18.98,39.13,6.5,10.76,4.55,2.43,0.39,0.41,225.0,99.12,50.91,1.31,108.0,42.0,129.0,7.0,0.28,7.07,2.42,4.22,256.0,59.0,10.8,2.54,143.0,3.63
LAB0271,Felina,1.8,F,14.51,25.11,7.51,16.69,4.44,4.9,0.13,0.27,488.0,125.36,31.56,0.95,24.0,18.0,27.0,2.0,0.3,7.03,3.77,4.66,98.0,25.0,10.63,3.32,147.0,3.54
LAB0272,Felina,7.0,M,15.9,47.17,7.05,10.69,6.21,1.91,0.21,0.2,307.0,84.05,38.8,2.43,60.0,59.0,40.0,2.0,0.2,6.14,2.57,5.34,218.0,24.0,8.45,4.69,147.0,4.23
LAB0273,Canina,11.7,M,12.72,40.56,5.28,10.85,11.85,2.32,1.75,1.69,531.0,123.21,44.68,1.77,14.0,33.0,178.0,8.0,0.48,7.34,3.79,3.91,252.0,104.0,11.27,5.39,153.0,4.85
LAB0274,Felina,9.1,F,15.49,39.65,6.49,6.68,12.87,6.02,1.22,0.97,433.0,90.41,25.38,2.18,13.0,40.0,53.0,3.0,0.38,5.61,3.77,2.66,85.0,63.0,8.19,6.16,152.0,3.56
LAB0275,Felina,2.6,M,14.45,35.94,7.77,18.4,10.13,2.35,0.92,0.94,617.0,122.09,68.62,0.97,95.0,35.0,69.0,0.0,0.21,8.19,3.64,2.62,157.0,29.0,10.99,6.59,145.0,5.22
LAB0276,Felina,1.3,M,13.76,36.05,8.28,10.13,6.53,3.55,0.22,1.25,424.0,100.01,65.23,1.54,57.0,58.0,89.0,1.0,0.24,8.9,3.01,3.61,107.0,31.0,10.22,6.08,158.0,5.05
LAB0277,Canina,12.9,F,19.85,40.21,5.94,18.5,8.27,1.86,1.78,1.99,185.0,128.98,32.57,1.24,110.0,59.0,58.0,2.0,0.13,6.69,2.32,3.32,115.0,85.0,8.62,5.42,143.0,4.16
LAB0278,Felina,6.7,F,9.75,26.8,8.58,11.03,12.08,3.67,0.52,0.68,624.0,150.22,27.24,1.6,8.0,31.0,89.0,2.0,0.38,7.71,4.07,4.77,94.0,43.0,9.18,3.68,151.0,4.44
LAB0279,Canina,14.1,M,17.86,58.26,7.63,7.34,7.46,2.39,0.8,0.72,481.0,96.17,38.57,1.97,12.0,34.0,143.0,2.0,0.34,5.72,3.77,3.15,166.0,116.0,9.05,3.5,146.0,4.21
LAB0280,Canina,10.4,M,15.67,49.63,5.92,6.02,9.85,4.4,0.51,0.81,349.0,102.67,44.68,0.47,88.0,13.0,92.0,8.0,0.28,5.45,3.97,4.28,254.0,86.0,9.05,5.79,148.0,5.2
LAB0281,Felina,8.1,M,15.88,38.05,5.7,7.95,8.52,1.25,0.69,0.63,640.0,95.49,69.21,0.94,61.0,10.0,75.0,5.0,0.35,7.44,3.22,5.01,211.0,119.0,9.19,6.96,147.0,4.01
LAB0282,Felina,0.8,M,14.14,46.32,8.89,15.36,8.92,5.25,0.59,1.26,589.0,129.78,49.12,2.28,29.0,26.0,79.0,2.0,0.37,6.71,3.0,5.17,145.0,72.0,9.0,4.11,154.0,3.74
LAB0283,Felina,3.9,M,9.53,42.35,8.01,7.32,5.92,3.45,1.05,0.96,516.0,136.84,59.11,1.77,80.0,23.0,89.0,3.0,0.35,7.41,2.72,4.13,132.0,90.0,9.43,6.34,154.0,4.87
LAB0284,Felina,9.0,F,14.73,44.73,6.65,13.64,4.21,4.23,0.22,0.83,574.0,99.02,47.43,2.26,15.0,49.0,21.0,0.0,0.16,8.18,3.07,5.12,153.0,22.0,10.15,3.44,155.0,3.84
LAB0285,Canina,1.2,F,19.54,41.14,7.49,7.05,10.26,3.63,0.39,0.61,203.0,90.64,24.16,1.43,119.0,11.0,104.0,6.0,0.47,6.52,3.22,3.44,154.0,29.0,9.73,2.68,148.0,4.11
LAB0286,Felina,17.8,M,15.46,47.36,5.95,10.18,10.17,1.57,0.53,0.38,708.0,145.25,51.09,1.59,93.0,56.0,97.0,1.0,0.15,7.87,3.33,2.56,89.0,109.0,10.61,4.43,157.0,4.69
LAB0287,Canina,13.9,F,11.13,43.01,6.37,12.82,3.95,4.97,0.49,0.4,361.0,102.98,34.79,1.64,64.0,40.0,134.0,0.0,0.33,7.65,2.33,3.31,285.0,77.0,9.88,5.94,143.0,3.63
LAB0288,Canina,8.3,M,14.72,45.43,7.51,15.82,5.39,1.07,0.96,1.72,508.0,136.5,54.58,1.33,56.0,49.0,137.0,5.0,0.13,7.78,3.07,3.23,226.0,128.0,9.13,5.43,144.0,3.87
LAB0289,Canina,13.7,M,19.65,54.28,7.82,6.25,3.64,3.23,0.58,1.66,419.0,137.66,26.47,1.18,63.0,22.0,112.0,4.0,0.28,6.09,2.33,3.54,167.0,20.0,9.42,3.48,146.0,3.76
LAB0290,Felina,9.0,F,13.04,45.09,7.26,13.34,12.63,3.57,1.05,0.65,459.0,136.02,32.87,1.24,26.0,25.0,27.0,3.0,0.34,8.25,2.99,5.47,163.0,60.0,10.51,5.92,155.0,3.89
LAB0291,Felina,9.3,M,12.03,42.09,7.94,19.16,6.06,4.45,0.18,1.04,616.0,64.28,55.41,1.39,17.0,28.0,23.0,2.0,0.22,8.08,3.77,4.32,83.0,113.0,10.06,3.14,156.0,3.9
LAB0292,Felina,1.8,M,11.36,47.24,7.19,5.36,14.33,6.52,1.03,0.7,296.0,139.07,28.4,0.73,56.0,14.0,6.0,2.0,0.14,6.06,2.45,3.12,180.0,101.0,9.36,5.03,145.0,3.64
LAB0293,Felina,17.0,M,13.92,40.13,6.96,6.13,12.26,3.18,1.1,0.77,619.0,150.73,66.45,1.62,54.0,20.0,94.0,2.0,0.14,7.01,2.54,4.01,159.0,54.0,8.21,6.77,155.0,5.18
LAB0294,Canina,5.7,F,14.85,36.03,5.37,9.52,4.24,4.99,0.1,0.88,331.0,84.05,40.71,0.64,95.0,27.0,113.0,7.0,0.46,7.51,3.33,3.28,201.0,143.0,11.13,2.86,146.0,5.05
LAB0295,Canina,13.0,M,14.11,48.09,8.0,11.89,4.88,1.65,0.08,1.12,368.0,76.42,46.29,1.59,35.0,27.0,178.0,4.0,0.4,6.36,3.65,4.04,234.0,157.0,11.32,4.53,144.0,4.3
LAB0296,Felina,18.0,F,9.42,26.28,8.41,8.52,8.75,5.48,0.84,0.12,343.0,81.93,36.6,1.67,53.0,16.0,11.0,1.0,0.4,7.14,3.95,5.05,152.0,91.0,8.58,5.75,149.0,5.16
LAB0297,Canina,13.9,F,11.0,56.44,5.91,14.47,7.39,2.47,1.29,1.9,167.0,133.51,42.41,1.69,49.0,34.0,158.0,4.0,0.31,5.06,2.57,3.78,243.0,113.0,8.93,4.06,145.0,4.49
LAB0298,Canina,9.6,F,10.84,56.71,6.42,15.9,4.26,3.68,0.47,0.88,157.0,72.13,19.14,0.78,17.0,45.0,20.0,6.0,0.16,7.84,3.89,2.95,223.0,24.0,11.3,4.33,141.0,4.18
LAB0299,Felina,3.5,M,13.36,36.75,6.92,6.14,5.56,1.6,1.21,0.2,548.0,94.27,35.17,1.81,48.0,27.0,61.0,2.0,0.19,7.46,3.57,2.58,145.0,26.0,8.56,5.24,156.0,5.27
LAB0300,Felina,2.7,M,12.66,28.68,8.83,17.4,13.79,1.05,0.33,1.24,585.0,149.44,27.57,1.73,59.0,7.0,54.0,3.0,0.16,6.46,3.52,3.9,200.0,54.0,8.8,6.94,157.0,3.56
